ID_Categoria|C_Denominacion|C_EstadoCategoria|N_CatalogoElectronico|CATEGORIA
11951|BUZO CON POLERA DE FRENCH TERRY UNISEX|ACTIVO|277|BUZO CON POLERA DE FRENCH TERRY UNISEX
10883|BATERÍAS PARA VEHÍCULOS ACUÁTICOS|IMPLEMENTACION|94|BATERÍAS PARA VEHÍCULOS ACUÁTICOS
10824|BOBINA|ACTIVO|86|BOBINA
11358|LAVAVAJILLAS|ACTIVO|189|LAVAVAJILLAS
394|FUNDA PORTAPAPEL|ACTIVO|35|FUNDA PORTAPAPEL
11749|PANTALLA INTERACTIVA|ACTIVO|252|PANTALLA INTERACTIVA
10583|VASO|ACTIVO|65|VASO
10547|TABLEROS ELÉCTRICOS|IMPLEMENTACION|59|TABLEROS ELÉCTRICOS
11485|MASCARILLA DESCARTABLE DE USO NO HOSPITALARIO PARA SALUD OCUPACIONAL|IMPLEMENTACION|206|MASCARILLA DESCARTABLE DE USO NO HOSPITALARIO PARA SALUD OCUPACIONAL
328|ACCESORIOS|IMPLEMENTACION|25|ACCESORIOS
11256|PUNTAL DE MADERA ASERRADA PARA USO ESTRUCTURAL|ACTIVO|173|PUNTAL DE MADERA ASERRADA PARA USO ESTRUCTURAL
11426|TAMPÓN|ACTIVO|195|TAMPÓN
321|TABLERO DE TRIPLAY|ACTIVO|17|TABLERO DE TRIPLAY
11190|CARPA|ACTIVO|154|CARPA
11649|SACO|ACTIVO|229|SACO
10856|EMBUDO DE PLÁSTICO|IMPLEMENTACION|89|EMBUDO DE PLÁSTICO
10990|LÁPICES DE COLORES|ACTIVO|105|LÁPICES DE COLORES
10890|PROYECTOR INTERACTIVO|ACTIVO|96|PROYECTOR INTERACTIVO
87|PAPEL CREPE|ACTIVO|7|PAPEL CREPÉ
11149|CONTROL REMOTO Y TERMOSTATO|IMPLEMENTACION|142|CONTROL REMOTO Y TERMOSTATO
11783|COLUMNA DE MADERA ASERRADA PARA USO ESTRUCTURAL|ACTIVO|271|COLUMNA DE MADERA ASERRADA PARA USO ESTRUCTURAL
528|ESTANTE|IMPLEMENTACION|47|ESTANTE
11292|CAJA PORTAMEDIDOR MONOFASICO|ACTIVO|175|CAJA PORTAMEDIDOR MONOFASICO
12053|FRASCO DE PLÁSTICO PARA MUESTRAS|ACTIVO|297|FRASCO DE PLÁSTICO PARA MUESTRAS
12160|PIZARRA INTERACTIVA|IMPLEMENTACION|323|PIZARRA INTERACTIVA
12060|BOBINA|ACTIVO|294|BOBINA
10922|ATRAPA POLVO|ACTIVO|98|ATRAPA POLVO
12153|PROYECTOR DE ALTO BRILLO|ACTIVO|323|PROYECTOR DE ALTO BRILLO
94|JABON|ACTIVO|8|JABÓN
11490|EQUIPOS DE AIRE ACONDICIONADO|ACTIVO|211|EQUIPOS DE AIRE ACONDICIONADO
362|KIT FUSOR|ACTIVO|34|KIT FUSOR
11424|TABLERO|ACTIVO|195|TABLERO
12185|REMOVEDORES DE SARRO|ACTIVO|326|REMOVEDORES DE SARRO
10981|ENGRAPADOR|ACTIVO|105|ENGRAPADOR
11751|DISPOSITIVOS DE ALMACENAMIENTO INTERNO|ACTIVO|252|DISPOSITIVOS DE ALMACENAMIENTO EXTERNO
11894|CODO|ACTIVO|284|CODO
460|CERÁMICO|ACTIVO|53|CERÁMICO
11785|LISTÓN DE MADERA ASERRADA PARA USO ESTRUCTURAL|ACTIVO|271|LISTÓN DE MADERA ASERRADA PARA USO ESTRUCTURAL
19|SOPORTE|ACTIVO|3|SOPORTE
11351|BASTIDORES Y ARMAZONES|ACTIVO|189|BASTIDORES Y ARMAZONES
387|ENGRAPADOR|ACTIVO|35|ENGRAPADOR
11058|PANTALLA PUBLICITARIA|ACTIVO|125|PANTALLA PUBLICITARIA
11281|CESPED SINTETICO DECORATIVO O RECREATIVO|ACTIVO|171|CÉSPED SINTÉTICO DECORATIVO O RECREATIVO
11819|PANTALON DE VESTIR DE LANILLA PARA MUJER|ACTIVO|276|PANTALÓN DE VESTIR DE LANILLA PARA MUJER
11826|BLUSA DE VESTIR DE POPELINA MANGA CORTA|ACTIVO|276|BLUSA DE VESTIR DE POPELINA MANGA CORTA
28|ARCHIVADOR|ACTIVO|6|ARCHIVADOR
11360|SHAMPOO PARA ALFOMBRA|IMPLEMENTACION|189|SHAMPOO PARA ALFOMBRA
353|IMPRESORA MULTIFUNCIONAL LASER|ACTIVO|32|LÁSER
396|LAPICES D/COLORES|ACTIVO|35|LÁPICES DE COLORES
10917|PAPEL HIGIENICO|ACTIVO|99|PAPEL HIGIÉNICO
11317|PROYECTOR ESTÁNDAR|ACTIVO|186|PROYECTOR ESTÁNDAR
11683|CALZADO DEPORTIVO DE CUERO|IMPLEMENTACION|235|CALZADO DEPORTIVO DE CUERO
12251|VIGA DE MADERA ASERRADA PARA USO ESTRUCTURAL|ACTIVO|331|VIGA DE MADERA ASERRADA PARA USO ESTRUCTURAL
11090|AZÚCAR|ACTIVO|122|AZÚCAR
355|IMPRESORA TERMICA|ACTIVO|32|IMPRESORA TÉRMICA
11692|BOTA PUNTA REFORZADA  VULCANIZADO DIRECTO AL CORTE|IMPLEMENTACION|235|BOTA PUNTA REFORZADA VULCANIZADO DIRECTO AL CORTE
53|LAPIZ|ACTIVO|6|LÁPIZ
11192|BOBINA|ACTIVO|154|BOBINA
11958|CALZADO ESCOLAR|IMPLEMENTACION|299|CALZADO ESCOLAR
11092|LENTEJA|ACTIVO|122|LENTEJA
485|UNIÓN|ACTIVO|52|UNIÓN
62|PEGAMENTO|ACTIVO|6|PEGAMENTO
10813|EQUIPOS DE AIRE ACONDICIONADO|ACTIVO|81|EQUIPOS DE AIRE ACONDICIONADO
11049|FIDEOS CORTOS|ACTIVO|122|FIDEOS CORTOS
421|TABLERO|ACTIVO|35|TABLERO
11994|MOTOPULVERIZADORA|ACTIVO|305|MOTOPULVERIZADORA
11919|CABLES ELÉCTRICOS DE BAJA TENSIÓN|ACTIVO|290|CABLES ELÉCTRICOS DE BAJA TENSIÓN
11983|PRODUCTOS PESQUEROS ENLATADOS|IMPLEMENTACION|310|PRODUCTOS PESQUEROS ENLATADOS
11056|MONITOR|ACTIVO|125|MONITOR
12253|CUARTÓN DE MADERA PARA USO EN ENCOFRADOS|ACTIVO|332|CUARTÓN DE MADERA PARA USO EN ENCOFRADOS
287|CARPA|ACTIVO|17|CARPA
10815|CONTROL REMOTO Y TERMOSTATO|ACTIVO|81|CONTROL REMOTO Y TERMOSTATO
11953|BUZO CON CASACA DE SARGA ATERCIOPELADO UNISEX|ACTIVO|277|BUZO CON CASACA DE SARGA ATERCIOPELADO UNISEX
11717|CREDENZA MELAMINE|IMPLEMENTACION|210|CREDENZA MELAMINE
326|BATERÍAS PARA VEHÍCULOS ACUÁTICOS|IMPLEMENTACION|25|BATERÍAS PARA VEHÍCULOS ACUÁTICOS
11651|CAMA|ACTIVO|229|CAMA
10947|IMPRESORA GRAN FORMATO INYECCION|ACTIVO|101|IMPRESORA GRAN FORMATO INYECCIÓN
319|PALA|ACTIVO|17|PALA
11258|FRISO DE MADERA ASERRADA PARA USO ESTRUCTURAL|ACTIVO|173|FRISO DE MADERA ASERRADA PARA USO ESTRUCTURAL
11022|PAPEL BOND|ACTIVO|106|PAPEL BOND
85|PAPEL CONTOMETRO|ACTIVO|7|PAPEL CONTÓMETRO
10747|URINARIO|IMPLEMENTACION|75|URINARIO
11181|EXTENSIONES|IMPLEMENTACION|149|EXTENSIONES
60|NOTA|ACTIVO|6|NOTA
10992|LIBRETA DE CAMPO TOPOGRÁFICA|ACTIVO|105|LIBRETA DE CAMPO TOPOGRÁFICA
10822|CARPA|ACTIVO|86|CARPA
11392|CUADERNO|ACTIVO|195|CUADERNO
11794|PARANTE DE MADERA ASERRADA PARA USO ESTRUCTURAL|ACTIVO|271|PARANTE DE MADERA ASERRADA PARA USO ESTRUCTURAL
360|KIT D/MANTENIMIENTO|ACTIVO|34|KIT DE MANTENIMIENTO
11987|PANEL SOLAR|ACTIVO|303|PANEL SOLAR
10924|ESCOBAS|ACTIVO|98|ESCOBAS
11415|PORTA CLIPS|ACTIVO|195|PORTA CLIPS
96|PAPEL TOALLA|ACTIVO|8|PAPEL TOALLA
296|BALDE|ACTIVO|17|BALDE
11158|ARMARIO|IMPLEMENTACION|146|ARMARIO
12062|MOSQUITERO|ACTIVO|294|MOSQUITERO
10949|IMPRESORA LASER|ACTIVO|101|IMPRESORA LÁSER
11926|INTERRUPTORES|ACTIVO|291|INTERRUPTORES
455|JABON|ACTIVO|24|JABÓN
12194|ATRAPA POLVO|ACTIVO|326|ATRAPA POLVO
11560|LUCES DE EMERGENCIA LED|ACTIVO|220|LUCES DE EMERGENCIA LED
11390|CORRECTOR|ACTIVO|195|CORRECTOR
462|PORCELANATO|ACTIVO|53|PORCELANATO
12187|DESENGRASANTES|ACTIVO|326|DESENGRASANTES
11183|INTERRUPTORES|ACTIVO|149|INTERRUPTORES
11519|TAPÓN|ACTIVO|214|TAPÓN
11156|MESA|IMPLEMENTACION|146|MESA
11792|PIEZA DE MADERA ASERRADA PARA USO ESTRUCTURAL PARA ARMADO DE CERCHAS O TIJERALES|ACTIVO|271|PIEZA DE MADERA ASERRADA PARA USO ESTRUCTURAL PARA ARMADO DE CERCHAS O TIJERALES
428|PAPEL CONTINUO|ACTIVO|36|PAPEL CONTINUO
26|REVELADOR|ACTIVO|4|REVELADOR
11249|VIGUETA DE MADERA ASERRADA PARA USO ESTRUCTURAL|ACTIVO|173|VIGUETA DE MADERA ASERRADA PARA USO ESTRUCTURAL
430|PAPEL COUCHE|ACTIVO|36|PAPEL COUCHÉ
251|CEPILLO DENTAL|ACTIVO|16|CEPILLO DENTAL
12192|CERAS|ACTIVO|326|CERAS
92|ACONDICIONADOR P/CABELLO|ACTIVO|8|ACONDICIONADOR PARA CABELLO
11817|PANTALON DE VESTIR DE CASIMIR PARA MUJER|ACTIVO|276|PANTALÓN DE VESTIR DE CASIMIR PARA MUJER
11822|CAMISA DE VESTIR DE POPELINA MANGA CORTA|ACTIVO|276|CAMISA DE VESTIR DE POPELINA MANGA CORTA
11539|PINTURA VIAL|ACTIVO|215|PINTURA VIAL
57|LIMPIA TIPO|ACTIVO|6|LIMPIATIPO
11203|CUCHILLO|ACTIVO|154|CUCHILLO
11153|NEUMÁTICOS VEHÍCULOS PESADOS|ACTIVO|145|NEUMÁTICOS VEHÍCULOS PESADOS
40|CUADERNO|ACTIVO|6|CUADERNO
11486|ALCOHOL EN GEL|ACTIVO|206|ALCOHOL EN GEL
425|TINTA|ACTIVO|35|TINTA
375|BINDER CLIP|ACTIVO|35|BINDER CLIP
11053|COMPUTADORA DE ESCRITORIO|ACTIVO|125|COMPUTADORA DE ESCRITORIO
12240|CORREA DE MADERA ASERRADA PARA USO ESTRUCTURAL|ACTIVO|331|CORREA DE MADERA ASERRADA PARA USO ESTRUCTURAL
408|PIONER|ACTIVO|35|PIONER
11804|ALCOHOL EN GEL|ACTIVO|273|ALCOHOL EN GEL
75|SEPARADOR|ACTIVO|6|SEPARADOR
12239|COLUMNA DE MADERA ASERRADA PARA USO ESTRUCTURAL|ACTIVO|331|COLUMNA DE MADERA ASERRADA PARA USO ESTRUCTURAL
58|MINA|ACTIVO|6|MINA
11954|CALZADO DE ALTO BRILLO DE CABALLERO Y DAMA|ACTIVO|299|CALZADO DE ALTO BRILLO DE CABALLERO Y DAMA
22|UNIDAD D/RECOLECCION|ACTIVO|3|UNIDAD DE RECOLECCIÓN
376|BLOCK|ACTIVO|35|BLOCK
11054|COMPUTADORA TODO EN UNO|ACTIVO|125|COMPUTADORA TODO EN UNO
11204|TABLERO DE TRIPLAY|ACTIVO|154|TABLERO DE TRIPLAY
11489|ALCOHOL ISOPROPÍLICO|IMPLEMENTACION|189|ALCOHOL ISOPROPÍLICO
10567|COLCHA|ACTIVO|65|COLCHA
11185|INTERRUPTOR TERMOMAGNETICO|ACTIVO|149|INTERRUPTOR TERMOMAGNÉTICO
11989|BATERÍA DE USO SOLAR|ACTIVO|303|BATERÍA DE USO SOLAR
10836|CALAMINA|ACTIVO|86|CALAMINA
10885|ACCESORIOS|IMPLEMENTACION|94|ACCESORIOS
12257|TABLÓN DE MADERA PARA USO EN ENCOFRADOS|ACTIVO|332|TABLÓN DE MADERA PARA USO EN ENCOFRADOS
8|IMPRESORA MULTIFUNCIONAL INYECCION|ACTIVO|2|IMPRESORA MULTIFUNCIONAL INYECCIÓN
11118|GRIFERÍA|ACTIVO|141|GRIFERÍA
11789|PUNTAL DE MADERA ASERRADA PARA USO ESTRUCTURAL|ACTIVO|271|PUNTAL DE MADERA ASERRADA PARA USO ESTRUCTURAL
11503|URINARIO|IMPLEMENTACION|213|URINARIO
11254|PIEZA DE MADERA ASERRADA PARA USO ESTRUCTURAL PARA ARMADO DE CERCHAS O TIJERALES|ACTIVO|173|PIEZA DE MADERA ASERRADA PARA USO ESTRUCTURAL PARA ARMADO DE CERCHAS O TIJERALES
11739|ESCANER DE LIBROS|ACTIVO|251|ESCÁNER DE LIBROS
440|MONITOR|ACTIVO|28|MONITOR
12007|TIJERA DE PODAR|ACTIVO|306|TIJERA DE PODAR
12171|PASTA DENTAL|ACTIVO|326|PASTA DENTAL
11721|ESCRITORIO DE MELAMINE|IMPLEMENTACION|210|ESCRITORIO DE MELAMINE
12022|CESPED SINTÉTICO DEPORTIVO|ACTIVO|301|CÉSPED SINTÉTICO DEPORTIVO
25|TONER|ACTIVO|4|TONER
11172|CABLES ELÉCTRICOS AUTOPORTANTES|IMPLEMENTACION|150|CABLES ELÉCTRICOS AUTOPORTANTES
508|BASE|ACTIVO|54|BASE
89|PAPEL LUSTRE|ACTIVO|7|PAPEL LUSTRE
10600|ENCHUFES|ACTIVO|59|ENCHUFES
11807|PANTALÓN DE FAENA DE DRILL PARA MUJER|ACTIVO|275|PANTALÓN DE FAENA DE DRILL PARA MUJER
11389|CLIP|ACTIVO|195|CLIP
458|EQUIPOS DE AIRE ACONDICIONADO|ACTIVO|46|EQUIPOS DE AIRE ACONDICIONADO
21|UNIDAD D/FUSOR|ACTIVO|3|UNIDAD DE FUSOR
11235|NAVAJA DE INJERTAR|ACTIVO|167|NAVAJA DE INJERTAR
11690|BOTA BORCEGUI VULCANIZADO DIRECTO AL CORTE|IMPLEMENTACION|235|BOTA BORCEGUI VULCANIZADO DIRECTO AL CORTE
11654|MOSQUITERO|ACTIVO|229|MOSQUITERO
322|TECHO|ACTIVO|17|TECHO
11171|CABLES ELÉCTRICOS DE CONSTRUCCIÓN|IMPLEMENTACION|150|CABLES ELÉCTRICOS DE CONSTRUCCIÓN
10835|VASO|ACTIVO|86|VASO
389|ETIQUETA ADHESIVA|ACTIVO|35|ETIQUETA ADHESIVA
10568|SABANA|ACTIVO|65|SÁBANA
11421|SACAGRAPAS|ACTIVO|195|SACAGRAPAS
11154|NEUMÁTICOS VEHÍCULOS AÉREOS|IMPLEMENTACION|145|NEUMÁTICOS VEHÍCULOS AÉREOS
11821|CAMISA DE VESTIR DE OXFORD MANGA LARGA|ACTIVO|276|CAMISA DE VESTIR DE OXFORD MANGA LARGA
11572|TOMACORRIENTES|ACTIVO|222|TOMACORRIENTES
7|IMPRESORA MATRICIAL|ACTIVO|2|IMPRESORA MATRICIAL
11303|PARARRAYOS DE LINEA|IMPLEMENTACION|179|PARARRAYOS DE LÍNEA
290|CARRETILLA|ACTIVO|17|CARRETILLA
490|CODO|ACTIVO|52|CODO
11704|MESA DE MADERA|IMPLEMENTACION|210|MESA DE MADERA
272|CALAMINA|ACTIVO|16|CALAMINA
11021|CARTULINA|ACTIVO|106|CARTULINA
11454|CENTRO DE IMPRESION|ACTIVO|199|CENTRO DE IMPRESIÓN
11904|PINTURA INDUSTRIAL|IMPLEMENTACION|286|PINTURA INDUSTRIAL
11439|CARTULINA|ACTIVO|196|CARTULINA
11068|LENTES PROTECTORES DESCARTABLES|ACTIVO|132|LENTES PROTECTORES DESCARTABLES
10804|ARMARIO|IMPLEMENTACION|80|ARMARIO
10754|PINTURA ARQUITECTÓNICA|ACTIVO|77|PINTURA ARQUITECTÓNICA
11239|MACHETE CON MANGO|ACTIVO|167|MACHETE CON MANGO
11122|CODO|ACTIVO|138|CODO
11571|INTERRUPTOR DIFERENCIAL|ACTIVO|222|INTERRUPTOR DIFERENCIAL
11236|HACHA|ACTIVO|167|HACHA
12004|LIMA DE AFILAR|ACTIVO|306|LIMA DE AFILAR
308|BIDON|ACTIVO|16|BIDÓN
10786|TEE|ACTIVO|74|TEE
10918|PAPEL TOALLA|ACTIVO|99|PAPEL TOALLA
275|PASTA DENTAL|ACTIVO|17|PASTA DENTAL
12158|PARLANTES AMPLIFICADOS|IMPLEMENTACION|323|PARLANTES AMPLIFICADOS
289|CAMA|ACTIVO|17|CAMA
11422|SEPARADOR|ACTIVO|195|SEPARADOR
11957|CALZADO MOCASIN DE CUERO DE DAMA|IMPLEMENTACION|299|CALZADO MOCASÍN DE CUERO DE DAMA
422|TAJADOR|ACTIVO|35|TAJADOR
10986|FOLDER|ACTIVO|105|FOLDER
372|ARCHIVADOR|ACTIVO|35|ARCHIVADOR
493|CAJA|ACTIVO|52|CAJA
307|MOSQUITERO|ACTIVO|17|MOSQUITERO
11653|SABANA|ACTIVO|229|SÁBANA
72|REGLA|ACTIVO|6|REGLA
526|ARMARIO|IMPLEMENTACION|47|ARMARIO
11354|CEPILLOS Y ESCOBILLAS|ACTIVO|189|CEPILLOS Y ESCOBILLAS
11004|PLASTILINA|ACTIVO|105|PLASTILINA
390|FASTENER|ACTIVO|35|FASTENER
11404|LIBRETA DE CAMPO TOPOGRÁFICA|ACTIVO|195|LIBRETA DE CAMPO TOPOGRÁFICA
10936|DESENGRASANTES|ACTIVO|98|DESENGRASANTES
10953|IMPRESORA MULTIFUNCIONAL LASER|ACTIVO|101|LÁSER
11336|PAPEL TOALLA|ACTIVO|188|PAPEL TOALLA
11639|LENTEJA|ACTIVO|233|LENTEJA
11018|TÉMPERA|ACTIVO|105|TÉMPERA
12021|CESPED SINTETICO DECORATIVO O RECREATIVO|IMPLEMENTACION|301|CÉSPED SINTÉTICO DECORATIVO O RECREATIVO
11521|YEE|ACTIVO|214|YEE
12058|CARPA|ACTIVO|294|CARPA
11403|LÁPIZ|ACTIVO|195|LÁPIZ
12207|ALCOHOL ISOPROPÍLICO|IMPLEMENTACION|326|ALCOHOL ISOPROPÍLICO
10921|PINZAS PARA LIMPIEZA|IMPLEMENTACION|98|PINZAS PARA LIMPIEZA
11386|ARCHIVADOR TIPO LOMO|ACTIVO|195|ARCHIVADOR TIPO LOMO
11740|ESTACION DE TRABAJO|ACTIVO|252|ESTACIÓN DE TRABAJO
357|APILADOR|IMPLEMENTACION|34|APILADOR
10603|PASTA DENTAL|ACTIVO|24|PASTA DENTAL
11286|BATERÍA DE USO SOLAR|ACTIVO|169|BATERÍA DE USO SOLAR
339|PULIDORES  Y ABRILLANTADORES|ACTIVO|24|PULIDORES  Y ABRILLANTADORES
11889|CONECTOR|IMPLEMENTACION|284|CONECTOR
12071|VASO|ACTIVO|294|VASO
12190|TINAS Y BATEAS|ACTIVO|326|TINAS Y BATEAS
11707|ARMARIO DE MADERA|IMPLEMENTACION|210|ARMARIO DE MADERA
12175|HIPOCLORITO DE SODIO|ACTIVO|326|HIPOCLORITO DE SODIO
11790|VIGUETA DE MADERA ASERRADA PARA USO ESTRUCTURAL|ACTIVO|271|VIGUETA DE MADERA ASERRADA PARA USO ESTRUCTURAL
11394|DISPENSADOR DE CINTA|ACTIVO|195|DISPENSADOR DE CINTA
11981|FIDEOS LARGOS|IMPLEMENTACION|310|FIDEOS LARGOS
11762|PAÑAL DESECHABLE PARA INFANTES CON CINTAS DE SUJECIÓN|ACTIVO|256|PAÑAL DESECHABLE PARA INFANTES CON CINTAS DE SUJECIÓN
11862|CERÁMICO|ACTIVO|285|CERÁMICO
10928|LAVAVAJILLAS|ACTIVO|98|LAVAVAJILLAS
317|CUCHARA|ACTIVO|17|CUCHARA
11043|ALCOHOL EN GEL|ACTIVO|108|ALCOHOL EN GEL
12066|BIDÓN|ACTIVO|294|BIDÓN
12166|LIMPIADORES|ACTIVO|326|LIMPIADORES
11179|DPS DISPOSITIVO DE PROTECCIÓN CONTRA SOBRETENSIONES|IMPLEMENTACION|149|DPS DISPOSITIVO DE PROTECCIÓN CONTRA SOBRETENSIONES
364|TAMBOR|ACTIVO|34|TAMBOR
11813|CAMISACO DE RIP STOP PARA MUJER|ACTIVO|275|CAMISACO DE RIP STOP PARA MUJER
11162|ESCRITORIO|IMPLEMENTACION|146|ESCRITORIO
10913|ESPÁTULAS|IMPLEMENTACION|98|ESPÁTULAS
11547|BUTACA|ACTIVO|210|BUTACA
11411|PERFORADOR|ACTIVO|195|PERFORADOR
11413|PLASTILINA|ACTIVO|195|PLASTILINA
11662|TABLERO DE TRIPLAY|ACTIVO|229|TABLERO DE TRIPLAY
11013|SEPARADOR|ACTIVO|105|SEPARADOR
12196|ALCOHOL ETÍLICO GEL DE USO NO MEDICINAL|ACTIVO|326|ALCOHOL ETÍLICO GEL DE USO NO MEDICINAL
334|PIZARRA INTERACTIVA|IMPLEMENTACION|23|PIZARRA INTERACTIVA
249|ESCANER DE DOCUMENTOS|ACTIVO|12|ESCÁNER DE DOCUMENTOS
11745|TABLETA|ACTIVO|250|TABLETA
11581|NEUMÁTICOS VEHÍCULOS PESADOS|ACTIVO|224|NEUMÁTICOS VEHÍCULOS PESADOS
100|COMPUTADORA TODO EN UNO|ACTIVO|10|COMPUTADORA TODO EN UNO
11796|POSTE DE MADERA ASERRADA PARA USO ESTRUCTURAL|IMPLEMENTACION|271|POSTE DE MADERA ASERRADA PARA USO ESTRUCTURAL
11881|GRIFERÍA|IMPLEMENTACION|282|GRIFERÍA
11111|PEDESTAL|ACTIVO|141|PEDESTAL
10777|SELLADOR|IMPLEMENTACION|76|SELLADOR
13|APILADOR|ACTIVO|3|APILADOR
432|PAPEL FOTO|ACTIVO|36|PAPEL FOTO
11160|SILLA|ACTIVO|146|SILLA
10945|TONER|ACTIVO|102|TONER
11966|BOTA BORCEGUI VULCANIZADO DIRECTO AL CORTE|IMPLEMENTACION|299|BOTA BORCEGUI VULCANIZADO DIRECTO AL CORTE
11345|PULVERIZADORES Y ATOMIZADORES |ACTIVO|189|PULVERIZADORES Y ATOMIZADORES
381|CLIP|ACTIVO|35|CLIP
81|TINTA|ACTIVO|6|TINTA
11764|ALCOHOL ETÍLICO SOLUCIÓN DE USO NO MEDICINAL|IMPLEMENTACION|189|ALCOHOL ETÍLICO SOLUCIÓN DE USO NO MEDICINAL
11194|MOSQUITERO|ACTIVO|154|MOSQUITERO
11681|BOTA DIELECTRICA GOODYEAR WELT|IMPLEMENTACION|235|BOTA DIELÉCTRICA GOODYEAR WELT
64|PIONER|ACTIVO|6|PIONER
10994|LIGA|ACTIVO|105|LIGA
11647|COLCHON|ACTIVO|229|COLCHÓN
10796|AROS|IMPLEMENTACION|73|AROS
10743|PEDESTAL|ACTIVO|75|PEDESTAL
315|CUCHARÓN|ACTIVO|17|CUCHARÓN
10996|MINA|ACTIVO|105|MINA
11396|ESPONJERO|ACTIVO|195|ESPONJERO
11362|REMOVEDORES DE SARRO|ACTIVO|189|REMOVEDORES DE SARRO
30|BANDERITA ADHESIVA|ACTIVO|6|BANDERITA ADHESIVA
11147|EQUIPOS DE AIRE ACONDICIONADO|ACTIVO|142|EQUIPOS DE AIRE ACONDICIONADO
398|LIBRETA D/CAMPO TOPOGRAFICA|ACTIVO|35|LIBRETA DE CAMPO TOPOGRÁFICA
12149|ACCESORIOS|IMPLEMENTACION|325|ACCESORIOS
11664|PALA|ACTIVO|230|PALA
247|TABLETA|ACTIVO|11|TABLETA
11979|ARROZ PILADO|ACTIVO|310|ARROZ PILADO
11430|ALFILER|ACTIVO|195|ALFILER
11696|TELEVISORES|IMPLEMENTACION|186|TELEVISORES
11062|ESCANER DE PLANOS|ACTIVO|127|ESCÁNER DE PLANOS
11562|LUMINARIAS LED PARA EXTERIORES|ACTIVO|220|LUMINARIAS LED PARA EXTERIORES
10977|CRAYONES|ACTIVO|105|CRAYONES
12181|LAVAVAJILLAS|ACTIVO|326|LAVAVAJILLAS
12064|CALAMINA|ACTIVO|294|CALAMINA
10926|MOPAS Y TRAPEADORES|ACTIVO|98|MOPAS Y TRAPEADORES
11511|CAJA|ACTIVO|214|CAJA
11747|DISPOSITIVOS DE ALMACENAMIENTO EXTERNO|ACTIVO|252|DISPOSITIVOS DE ALMACENAMIENTO EXTERNO
11645|FIDEOS CORTOS|IMPLEMENTACION|233|FIDEOS CORTOS
11311|PILAS|ACTIVO|185|PILAS
10911|JALADORES DE AGUA|ACTIVO|98|JALADORES DE AGUA
366|UNIDAD D/RECOLECCION|ACTIVO|34|UNIDAD DE RECOLECCIÓN
11428|TIJERA|ACTIVO|195|TIJERA
10894|CEPILLO DENTAL|ACTIVO|98|CEPILLO DENTAL
11096|CERÁMICO|ACTIVO|139|CERÁMICO
332|PROYECTOR INTERACTIVO|ACTIVO|23|PROYECTOR INTERACTIVO
11464|BANDEJA|ACTIVO|200|BANDEJA
47|FECHADOR|ACTIVO|6|FECHADOR
11379|MOPAS Y TRAPEADORES|ACTIVO|189|MOPAS Y TRAPEADORES
10809|ESCRITORIO|IMPLEMENTACION|80|ESCRITORIO
415|PORTA TARJETAS|ACTIVO|35|PORTA TARJETAS
10979|CUCHILLA|ACTIVO|105|CUCHILLA
500|PEGAMENTO PARA TUBERÍAS|ACTIVO|52|PEGAMENTO PARA TUBERÍAS
10943|CINTA |ACTIVO|102|CINTA
434|PAPEL PERIODICO|ACTIVO|36|PAPEL PERIÓDICO
11247|PANEL SOLAR|ACTIVO|169|PANEL SOLAR
11011|REVISTERO|ACTIVO|105|REVISTERO
11447|PAPELÓGRAFO|ACTIVO|196|PAPELÓGRAFO
11245|RASTRILLO DE METAL|ACTIVO|167|RASTRILLO DE METAL
11028|PAPEL LUSTRE|ACTIVO|106|PAPEL LUSTRE
98|COMPUTADORA CLIENTE LIVIANO|ACTIVO|10|COMPUTADORA CLIENTE LIVIANO
11847|BUTACA|ACTIVO|283|BUTACA
11128|TUBO|ACTIVO|138|TUBO
11915|LUMINARIAS LED PARA EXTERIORES|ACTIVO|289|LUMINARIAS LED PARA EXTERIORES
11030|PAPELÓGRAFO|ACTIVO|106|PAPELÓGRAFO
264|BOTAS|ACTIVO|16|BOTAS
10811|BUTACA|ACTIVO|80|BUTACA
11913|LUCES DE EMERGENCIA LED|IMPLEMENTACION|289|LUCES DE EMERGENCIA LED
10794|PEGAMENTO PARA TUBERÍAS|ACTIVO|74|PEGAMENTO PARA TUBERÍAS
11060|ESTACION DE TRABAJO PORTATIL|ACTIVO|126|ESTACIÓN DE TRABAJO PORTÁTIL
10960|KIT FUSOR|ACTIVO|103|KIT FUSOR
11462|IMPRESORA MULTIFUNCIONAL LED|ACTIVO|199|LED
11445|PAPEL LUSTRE|ACTIVO|196|PAPEL LUSTRE
10962|TAMBOR|ACTIVO|103|TAMBOR
10760|BASE|ACTIVO|77|BASE
11798|ESTACA DE MADERA PARA USO EN ENCOFRADOS Y REPLANTEO|ACTIVO|270|ESTACA DE MADERA PARA USO EN ENCOFRADOS Y REPLANTEO
11496|CERÁMICO|ACTIVO|212|CERÁMICO
11177|REEMPLAZO DE LÁMPARA LED|ACTIVO|148|REEMPLAZO DE LÁMPARA LED
11679|BOTA BORCEGUI CEMENTADO|IMPLEMENTACION|235|BOTA BORCEGUI CEMENTADO
11196|VASO|ACTIVO|154|VASO
11815|PANTALON DE VESTIR DE DRILL PARA MUJER|ACTIVO|276|PANTALÓN DE VESTIR DE DRILL PARA MUJER
349|IMPRESORA LASER|ACTIVO|32|IMPRESORA LÁSER
12249|TABLÓN DE MADERA ASERRADA PARA USO ESTRUCTURAL|ACTIVO|331|TABLÓN DE MADERA ASERRADA PARA USO ESTRUCTURAL
66|PLASTILINA|ACTIVO|6|PLASTILINA
12247|SOLERA DE MADERA ASERRADA PARA USO ESTRUCTURAL|ACTIVO|331|SOLERA DE MADERA ASERRADA PARA USO ESTRUCTURAL
49|FORRO|ACTIVO|6|FORRO
12147|BATERÍAS PARA VEHÍCULOS TERRESTRES|ACTIVO|325|BATERÍAS PARA VEHÍCULOS TERRESTRES
32|BLOCK|ACTIVO|6|BLOCK
417|REVISTERO|ACTIVO|35|REVISTERO
11364|LIMPIADORES|ACTIVO|189|LIMPIADORES
15|BANDEJA|ACTIVO|3|BANDEJA
11347|CARRITOS PARA LIMPIEZA|ACTIVO|189|CARRITOS PARA LIMPIEZA
11698|PARLANTES AMPLIFICADOS|IMPLEMENTACION|186|PARLANTES AMPLIFICADOS
11832|SACO DE VESTIR DE LANILLA PARA HOMBRE|ACTIVO|276|SACO DE VESTIR DE LANILLA PARA HOMBRE
10746|INODOROS|ACTIVO|75|INODOROS
12165|CEPILLO DENTAL|ACTIVO|326|CEPILLO DENTAL
10910|CARRITOS PARA LIMPIEZA|ACTIVO|98|CARRITOS PARA LIMPIEZA
11161|ARCHIVADOR|IMPLEMENTACION|146|ARCHIVADOR
12065|COLCHA|ACTIVO|294|COLCHA
11180|INTERRUPTOR DIFERENCIAL|ACTIVO|149|INTERRUPTOR DIFERENCIAL
11899|TAPÓN|ACTIVO|284|TAPÓN
531|CABLES ELÉCTRICOS DE CONSTRUCCIÓN|ACTIVO|60|CABLES ELÉCTRICOS DE CONSTRUCCIÓN
10993|LIBRO DE ACTAS|ACTIVO|105|LIBRO DE ACTAS
11563|REEMPLAZO DE LÁMPARA LED|ACTIVO|220|REEMPLAZO DE LÁMPARA LED
10976|CORRECTOR|ACTIVO|105|CORRECTOR
10542|CABLES ELÉCTRICOS DESNUDOS|ACTIVO|60|CABLES ELÉCTRICOS DESNUDOS
10776|FRAGUA|ACTIVO|76|FRAGUA
11063|ESCANER DE DOCUMENTOS|ACTIVO|127|ESCÁNER DE DOCUMENTOS
10927|DETALLADORES|IMPLEMENTACION|98|DETALLADORES
12180|ESCOBILLONES|ACTIVO|326|ESCOBILLONES
280|VASOS|ACTIVO|17|VASO
11178|TABLEROS ELÉCTRICOS|IMPLEMENTACION|149|TABLEROS ELÉCTRICOS
31|BINDER CLIP|ACTIVO|6|BINDER CLIP
11363|DESINFECTANTES|ACTIVO|189|DESINFECTANTES
12046|PLACA PETRI DE PLÁSTICO|ACTIVO|297|PLACA PETRI DE PLÁSTICO
11461|IMPRESORA MULTIFUNCIONAL LASER|ACTIVO|199|LÁSER
11297|PORTAFUSIBLE|IMPLEMENTACION|179|PORTAFUSIBLE
10578|CUCHARA|ACTIVO|65|CUCHARA
484|TUBO|ACTIVO|52|TUBO
11261|TABLÓN DE MADERA ASERRADA PARA USO ESTRUCTURAL|ACTIVO|173|TABLÓN DE MADERA ASERRADA PARA USO ESTRUCTURAL
11546|SILLA|ACTIVO|210|SILLA
11431|BANDERITA ADHESIVA|ACTIVO|195|BANDERITA ADHESIVA
63|PERFORADOR|ACTIVO|6|PERFORADOR
10995|LIMPIATIPO|ACTIVO|105|LIMPIATIPO
11395|ENGRAPADOR|ACTIVO|195|ENGRAPADOR
11280|CESPED SINTETICO DEPORTIVO|ACTIVO|171|CÉSPED SINTÉTICO DEPORTIVO
11680|BOTA PUNTA REFORZADA GOODYEAR WELT|IMPLEMENTACION|235|BOTA PUNTA REFORZADA GOODYEAR WELT
11648|FRAZADA|ACTIVO|229|FRAZADA
12148|UPS SISTEMA DE ALIMENTACIÓN ININTERRUMPIDA|ACTIVO|325|UPS SISTEMA DE ALIMENTACIÓN ININTERRUMPIDA
316|CUCHILLO|ACTIVO|17|CUCHILLO
10744|DESAGUE|IMPLEMENTACION|75|DESAGUE
82|CARTULINA|ACTIVO|7|CARTULINA
10829|BOTAS|ACTIVO|86|BOTAS
10593|CARPA|ACTIVO|65|CARPA
11999|HACHA|ACTIVO|306|HACHA
433|PAPEL LUSTRE|ACTIVO|36|PAPEL LUSTRE
11061|TABLETA|ACTIVO|126|TABLETA
11314|UPS SISTEMA DE ALIMENTACIÓN ININTERRUMPIDA|ACTIVO|185|UPS SISTEMA DE ALIMENTACIÓN ININTERRUMPIDA
10963|UNIDAD DE FUSOR|ACTIVO|103|UNIDAD DE FUSOR
99|COMPUTADORA DE ESCRITORIO|ACTIVO|10|COMPUTADORA DE ESCRITORIO
11110|LAVATORIO|ACTIVO|141|LAVATORIO
11797|PIEZAS PARA TABLADILLO DE MADERA ASERRADA PARA USO ESTRUCTURAL|IMPLEMENTACION|271|PIEZAS PARA TABLADILLO DE MADERA ASERRADA PARA USO ESTRUCTURAL
10810|ESTANTE|IMPLEMENTACION|80|ESTANTE
11795|SOLERA DE MADERA ASERRADA PARA USO ESTRUCTURAL|ACTIVO|271|SOLERA DE MADERA ASERRADA PARA USO ESTRUCTURAL
367|CINTA|ACTIVO|33|CINTA
10595|INTERRUPTOR TERMOMAGNETICO|ACTIVO|59|INTERRUPTOR TERMOMAGNÉTICO
11782|VIGA DE MADERA ASERRADA PARA USO ESTRUCTURAL|ACTIVO|271|VIGA DE MADERA ASERRADA PARA USO ESTRUCTURAL
10929|SUAVIZANTES DE ROPA|ACTIVO|98|SUAVIZANTES DE ROPA
10912|SEÑALÉTICA PARA LIMPIEZA|ACTIVO|98|SEÑALÉTICA PARA LIMPIEZA
365|UNIDAD D/FUSOR|ACTIVO|34|UNIDAD DE FUSOR
11663|CARRETILLA|ACTIVO|230|CARRETILLA
10893|AMBIENTADORES Y PASTILLAS|ACTIVO|98|AMBIENTADORES Y PASTILLAS
11980|FRIJOL|ACTIVO|310|FRIJOL
11163|ESTANTE|IMPLEMENTACION|146|ESTANTE
11010|REGLA|ACTIVO|105|REGLA
12063|CUCHARA|ACTIVO|294|CUCHARA
11812|CAMISACO DE RIP STOP PARA HOMBRE|ACTIVO|275|CAMISACO DE RIP STOP PARA HOMBRE
11748|MEMORIA FLASH USB|IMPLEMENTACION|252|MEMORIA FLASH USB
12182|SUAVIZANTES DE ROPA|ACTIVO|326|SUAVIZANTES DE ROPA
97|SHAMPOO P/CABELLO|ACTIVO|8|SHAMPOO PARA CABELLO
11665|PICO|ACTIVO|230|PICO
397|LAPIZ|ACTIVO|35|LÁPIZ
282|FRAZADA|ACTIVO|17|FRAZADA
10576|BALDE|ACTIVO|65|BALDE
11295|FUSIBLE TIPO K|ACTIVO|179|FUSIBLE TIPO K
11093|FRIJOL|ACTIVO|122|FRIJOL
11429|TINTA|ACTIVO|195|TINTA
12163|PAPEL TOALLA|ACTIVO|327|PAPEL TOALLA
10863|GRADILLAS DE PLÁSTICO PARA TUBO|ACTIVO|89|GRADILLAS DE PLÁSTICO PARA TUBO
11127|TEE|ACTIVO|138|TEE
11397|FASTENER|ACTIVO|195|FASTENER
10742|LAVATORIO|ACTIVO|75|LAVATORIO
448|ESCANER DE PLANOS|ACTIVO|30|ESCÁNER DE PLANOS
10827|SABANA|ACTIVO|86|SÁBANA
11682|CALZADO DIELECTRICO INYECCION DIRECTA AL CORTE|IMPLEMENTACION|235|CALZADO DIELÉCTRICO INYECCIÓN DIRECTA AL CORTE
11361|DETERGENTES|ACTIVO|189|DETERGENTES
50|FUNDA PORTAPAPEL|ACTIVO|6|FUNDA PORTAPAPEL
11565|CABLES ELÉCTRICOS DESNUDOS|ACTIVO|221|CABLES ELÉCTRICOS DESNUDOS
416|REGLA|ACTIVO|35|REGLA
399|LIBRO D/ACTAS|ACTIVO|35|LIBRO DE ACTAS
12250|UMBRAL DE MADERA ASERRADA PARA USO ESTRUCTURAL|ACTIVO|331|UMBRAL DE MADERA ASERRADA PARA USO ESTRUCTURAL
14|ALIMENTADOR|ACTIVO|3|ALIMENTADOR
33|BOLIGRAFO|ACTIVO|6|BOLÍGRAFO
16|KIT D/MANTENIMIENTO|ACTIVO|3|KIT DE MANTENIMIENTO
11814|PANTALON DE VESTIR DE DRILL PARA HOMBRE|ACTIVO|276|PANTALÓN DE VESTIR DE DRILL PARA HOMBRE
11678|CALZADO MOCASIN DE CUERO DE DAMA|IMPLEMENTACION|235|CALZADO MOCASÍN DE CUERO DE DAMA
401|LIMPIA TIPO|ACTIVO|35|LIMPIATIPO
11831|SACO DE VESTIR DE CASIMIR PARA MUJER|ACTIVO|276|SACO DE VESTIR DE CASIMIR PARA MUJER
384|CUADERNO|ACTIVO|35|CUADERNO
11697|EQUIPOS DE SONIDO|IMPLEMENTACION|186|EQUIPOS DE SONIDO
331|PROYECTOR ESTÁNDAR|ACTIVO|23|PROYECTOR ESTÁNDAR
348|IMPRESORA INYECCION|ACTIVO|32|IMPRESORA INYECCIÓN
10610|CALAMINA|ACTIVO|64|CALAMINA
11195|CUCHARA|ACTIVO|154|CUCHARA
11095|ARROZ FORTIFICADO|INACTIVO|122|ARROZ FORTIFICADO
467|NEUMÁTICOS VEHÍCULOS PESADOS|ACTIVO|58|NEUMÁTICOS VEHÍCULOS PESADOS
65|PLANCHA D/CORTE|ACTIVO|6|PLANCHA DE CORTE
10612|CARRETILLA|ACTIVO|64|CARRETILLA
11197|CALAMINA|ACTIVO|154|CALAMINA
450|CENTRO DE IMPRESION|ACTIVO|32|CENTRO DE IMPRESIÓN
350|IMPRESORA LED|ACTIVO|32|IMPRESORA LED
12248|TABLA DE MADERA ASERRADA PARA USO ESTRUCTURAL|ACTIVO|331|TABLA DE MADERA ASERRADA PARA USO ESTRUCTURAL
12146|PILAS|ACTIVO|325|PILAS
10861|PLACA PETRI DE PLÁSTICO|ACTIVO|225|PLACA PETRI DE PLÁSTICO
431|PAPEL CREPE|ACTIVO|36|PAPEL CREPÉ
267|CAMA|ACTIVO|16|CAMA
10961|SOPORTE|INACTIVO|103|SOPORTE
10778|REDUCCIÓN|ACTIVO|74|REDUCCIÓN
11846|SILLA|ACTIVO|283|SILLA
314|CUCHILLO|ACTIVO|16|CUCHILLO
11144|TAPÓN|ACTIVO|138|TAPÓN
11444|PAPEL FOTO|ACTIVO|196|PAPEL FOTO
11463|IMPRESORA TERMICA|ACTIVO|199|IMPRESORA TÉRMICA
11263|PIEZAS PARA TABLADILLO DE MADERA ASERRADA PARA USO ESTRUCTURAL|IMPLEMENTACION|173|PIEZAS PARA TABLADILLO DE MADERA ASERRADA PARA USO ESTRUCTURAL
11027|PAPEL FOTO|ACTIVO|106|PAPEL FOTO
11446|PAPEL PERIÓDICO|ACTIVO|196|PAPEL PERIÓDICO
327|PILAS|ACTIVO|25|PILAS
12184|DETERGENTES|ACTIVO|326|DETERGENTES
10541|CABLES ELÉCTRICOS AUTOPORTANTES|ACTIVO|60|CABLES ELÉCTRICOS AUTOPORTANTES
11834|POLO DE JERSEY PARA HOMBRE CUELLO REDONDO|ACTIVO|277|POLO DE JERSEY PARA HOMBRE CUELLO REDONDO
11784|FRISO DE MADERA ASERRADA PARA USO ESTRUCTURAL|ACTIVO|271|FRISO DE MADERA ASERRADA PARA USO ESTRUCTURAL
11123|CURVA|IMPLEMENTACION|138|CURVA
11309|BATERÍAS PARA VEHÍCULOS TERRESTRES|ACTIVO|185|BATERÍAS PARA VEHÍCULOS TERRESTRES
10566|FRAZADA|ACTIVO|65|FRAZADA
10823|CAMA|ACTIVO|86|CAMA
11716|ARMARIO DE MELAMINE|IMPLEMENTACION|210|ARMARIO DE MELAMINE
11952|BUZO CON POLERA DE FRANELA UNISEX|ACTIVO|277|BUZO CON POLERA DE FRANELA UNISEX
10580|CUCHILLO|ACTIVO|65|CUCHILLO
470|LUCES DE EMERGENCIA LED|IMPLEMENTACION|59|LUCES DE EMERGENCIA LED
370|REVELADOR|ACTIVO|33|REVELADOR
10598|INTERRUPTOR DIFERENCIAL|ACTIVO|59|INTERRUPTOR DIFERENCIAL
363|SOPORTE|IMPLEMENTACION|34|SOPORTE
12002|AZADON|ACTIVO|306|AZADÓN
11702|ALCOHOL EN GEL|ACTIVO|245|ALCOHOL EN GEL
12252|VIGUETA DE MADERA ASERRADA PARA USO ESTRUCTURAL|ACTIVO|331|VIGUETA DE MADERA ASERRADA PARA USO ESTRUCTURAL
11527|PORCELANATO|ACTIVO|212|PORCELANATO
12245|PIEZA DE MADERA ASERRADA PARA USO ESTRUCTURAL PARA ARMADO DE CERCHAS O TIJERALES|ACTIVO|331|PIEZA DE MADERA ASERRADA PARA USO ESTRUCTURAL PARA ARMADO DE CERCHAS O TIJERALES
11266|TABLA DE MADERA PARA USO EN ENCOFRADOS|ACTIVO|241|TABLA DE MADERA PARA USO EN ENCOFRADOS
11091|HOJUELAS DE AVENA|ACTIVO|122|HOJUELAS DE AVENA
11148|EVAPORADOR Y CONDENSADOR|IMPLEMENTACION|142|EVAPORADOR Y CONDENSADOR
520|GRIFERIA|ACTIVO|55|GRIFERIA
11827|BLUSA DE VESTIR DE POPELINA MANGA LARGA|ACTIVO|276|BLUSA DE VESTIR DE POPELINA MANGA LARGA
45|ETIQUETA ADHESIVA|ACTIVO|6|ETIQUETA ADHESIVA
11802|TABLA DE MADERA PARA USO EN ENCOFRADOS|ACTIVO|270|TABLA DE MADERA PARA USO EN ENCOFRADOS
10891|PROYECTOR ULTRA PORTÁTIL|ACTIVO|96|PROYECTOR ULTRA PORTÁTIL
420|SOBRE|ACTIVO|35|SOBRE
11191|CAMA|ACTIVO|154|CAMA
11995|ASPERSOR MANUAL DE MOCHILA|ACTIVO|305|ASPERSOR MANUAL DE MOCHILA
413|PORTA DOCUMENTOS|ACTIVO|35|PORTA DOCUMENTOS
70|PORTA LAPICEROS|ACTIVO|6|PORTA LAPICEROS
20|TAMBOR|ACTIVO|3|TAMBOR
445|COMPUTADORA PORTATIL|ACTIVO|29|COMPUTADORA PORTÁTIL
11691|BOTA PUNTA REFORZADA INYECCION DIRECTA AL CORTE|IMPLEMENTACION|235|BOTA PUNTA REFORZADA INYECCIÓN DIRECTA AL CORTE
388|ESPONJERO|ACTIVO|35|ESPONJERO
345|IMPRESORA GRAN FORMATO INYECCION|ACTIVO|32|IMPRESORA GRAN FORMATO INYECCIÓN
11173|LUCES DE EMERGENCIA LED|ACTIVO|148|LUCES DE EMERGENCIA LED
395|GRAPA|ACTIVO|35|GRAPA
352|IMPRESORA MULTIFUNCIONAL INYECCION|ACTIVO|32|IMPRESORA MULTIFUNCIONAL INYECCIÓN
338|IMPLEMENTOS PARA LIMPIEZA DE SUPERFICIES|ACTIVO|24|IMPLEMENTOS PARA LIMPIEZA DE SUPERFICIES
10948|IMPRESORA INYECCION|ACTIVO|101|IMPRESORA INYECCIÓN
10941|RECOGEDORES|ACTIVO|98|RECOGEDORES
10905|TOALLA PARA MANOS|ACTIVO|98|TOALLA PARA MANOS
12170|PAÑOS Y BAYETAS|ACTIVO|326|PAÑOS Y BAYETAS
11223|TUBO PARA EXTRACCIÓN DE SANGRE CON SISTEMA AL VACÍO DE PLÁSTICO CON ANTICOAGULANTE|ACTIVO|227|TUBO PARA EXTRACCIÓN DE SANGRE CON SISTEMA AL VACÍO DE PLÁSTICO CON ANTICOAGULANTE
12195|MOPAS Y TRAPEADORES|ACTIVO|326|MOPAS Y TRAPEADORES
11509|TEE|ACTIVO|214|TEE
10998|NOTA|ACTIVO|105|NOTA
10909|CANASTILLAS DEODORIZANTES|ACTIVO|98|CANASTILLAS DEODORIZANTES
11809|PANTALÓN DE FAENA DE RIP STOP PARA MUJER|ACTIVO|275|PANTALÓN DE FAENA DE RIP STOP PARA MUJER
11398|FECHADOR|ACTIVO|195|FECHADOR
527|ESCRITORIO|IMPLEMENTACION|47|ESCRITORIO
11209|AGUA DE MESA DESCARTABLE |ACTIVO|156|AGUA DE MESA DESCARTABLE
11977|LENTEJA|ACTIVO|310|LENTEJA
288|COLCHÓN|ACTIVO|17|COLCHÓN
12059|CAMA|ACTIVO|294|CAMA
12159|PROYECTOR ULTRA PORTÁTIL|IMPLEMENTACION|323|PROYECTOR ULTRA PORTÁTIL
245|COMPUTADORA PORTATIL|ACTIVO|11|COMPUTADORA PORTÁTIL
12070|TABLERO DE TRIPLAY|ACTIVO|294|TABLERO DE TRIPLAY
11159|CARPETA|IMPLEMENTACION|146|CARPETA
9|IMPRESORA MULTIFUNCIONAL LASER|ACTIVO|2|LÁSER
11423|SOBRE|ACTIVO|195|SOBRE
11984|FIDEOS CORTOS|IMPLEMENTACION|310|FIDEOS CORTOS
11502|INODOROS|ACTIVO|213|INODOROS
11484|GUANTES DE LÁTEX PARA SIMPLE USO PARA SALUD OCUPACIONAL|ACTIVO|206|GUANTES DE LÁTEX PARA SIMPLE USO PARA SALUD OCUPACIONAL
59|MOTA|ACTIVO|6|MOTA
320|BARRETA|ACTIVO|17|BARRETA
11427|TÉMPERA|ACTIVO|195|TÉMPERA
11391|CRAYONES|ACTIVO|195|CRAYONES
11341|JABÓN PARA HIGIENE DE MANOS DE USO NO MEDICINAL|ACTIVO|189|JABÓN PARA HIGIENE DE MANOS DE USO NO MEDICINAL
11666|VASO|ACTIVO|229|VASO
10991|LÁPIZ|ACTIVO|105|LÁPIZ
11652|BOBINA|ACTIVO|229|BOBINA
377|BOLIGRAFO|ACTIVO|35|BOLÍGRAFO
11041|GUANTES DE LÁTEX PARA SIMPLE USO PARA SALUD OCUPACIONAL|ACTIVO|108|GUANTES DE LÁTEX PARA SIMPLE USO PARA SALUD OCUPACIONAL
11466|KIT DE TRANSFERENCIA|ACTIVO|200|KIT DE TRANSFERENCIA
11920|CABLES ELÉCTRICOS DE MEDIA TENSIÓN|ACTIVO|290|CABLES ELÉCTRICOS DE MEDIA TENSIÓN
11359|SUAVIZANTES DE ROPA|ACTIVO|189|SUAVIZANTES DE ROPA
488|REDUCCIÓN|ACTIVO|52|REDUCCIÓN
77|TABLERO|ACTIVO|6|TABLERO
27|ALFILER|ACTIVO|6|ALFILER
11409|NOTA|ACTIVO|195|NOTA
11373|CERAS|ACTIVO|189|CERAS
11009|PORTA TARJETAS|ACTIVO|105|PORTA TARJETAS
12145|CAJA MULTIUSOS|ACTIVO|195|CAJA MULTIUSOS
10973|CHINCHE|ACTIVO|105|CHINCHE
11459|IMPRESORA MATRICIAL|ACTIVO|199|IMPRESORA MATRICIAL
84|PAPEL CONTINUO|ACTIVO|7|PAPEL CONTINUO
11066|MASCARILLA DESCARTABLE 3 PLIEGUES|ACTIVO|132|MASCARILLA DESCARTABLE 3 PLIEGUES
11023|PAPEL CONTINUO|ACTIVO|106|PAPEL CONTINUO
11259|LISTÓN DE MADERA ASERRADA PARA USO ESTRUCTURAL|ACTIVO|173|LISTÓN DE MADERA ASERRADA PARA USO ESTRUCTURAL
252|JABON DE TOCADOR|ACTIVO|16|JABÓN DE TOCADOR
10780|CODO|ACTIVO|74|CODO
102|MONITOR|ACTIVO|10|MONITOR
11441|PAPEL CONTÓMETRO|ACTIVO|196|PAPEL CONTÓMETRO
11134|PEGAMENTO PARA TUBERÍAS|ACTIVO|138|PEGAMENTO PARA TUBERÍAS
11841|EQUIPOS DE AIRE ACONDICIONADO|ACTIVO|280|EQUIPOS DE AIRE ACONDICIONADO
11241|TIJERA DE PODAR|ACTIVO|167|TIJERA DE PODAR
270|SABANA|ACTIVO|16|SÁBANA
11909|BASE|ACTIVO|286|BASE
10791|CAJA|ACTIVO|74|CAJA
313|CUCHARON|ACTIVO|16|CUCHARÓN
12259|ALCOHOL EN GEL|ACTIVO|344|ALCOHOL EN GEL
11584|NEUMÁTICOS VEHÍCULOS LIVIANOS|ACTIVO|224|NEUMÁTICOS VEHÍCULOS LIVIANOS
52|LAPICES D/COLORES|ACTIVO|6|LÁPICES DE COLORES
438|COMPUTADORA TODO EN UNO|ACTIVO|28|COMPUTADORA TODO EN UNO
10984|FASTENER|ACTIVO|105|FASTENER
11284|INVERSOR|ACTIVO|169|INVERSOR
11384|BORRADOR|ACTIVO|195|BORRADOR
11659|BOTAS|ACTIVO|229|BOTAS
10573|BOBINA|ACTIVO|65|BOBINA
11348|JALADORES DE AGUA|ACTIVO|189|JALADORES DE AGUA
11816|PANTALON DE VESTIR DE CASIMIR PARA HOMBRE|ACTIVO|276|PANTALÓN DE VESTIR DE CASIMIR PARA HOMBRE
12209|NEUMÁTICOS VEHÍCULOS LIVIANOS|ACTIVO|329|NEUMÁTICOS VEHÍCULOS LIVIANOS
10830|COLCHA|ACTIVO|86|COLCHA
385|CUCHILLA|ACTIVO|35|CUCHILLA
330|PROYECTOR DE ALTO BRILLO|ACTIVO|23|PROYECTOR DE ALTO BRILLO
11315|PROYECTOR INTERACTIVO|IMPLEMENTACION|186|PROYECTOR INTERACTIVO
11451|REVELADOR|ACTIVO|198|REVELADOR
351|IMPRESORA MATRICIAL|ACTIVO|32|IMPRESORA MATRICIAL
10613|PICO|ACTIVO|64|PICO
11892|CAJA|ACTIVO|284|CAJA
11015|TABLERO|ACTIVO|105|TABLERO
496|TEE|ACTIVO|52|TEE
11017|TAMPÓN|ACTIVO|105|TAMPÓN
11417|PORTA LAPICEROS|ACTIVO|195|PORTA LAPICEROS
11694|BOTA DIELECTRICA VULCANIZADO DIRECTO AL CORTE|IMPLEMENTACION|235|BOTA DIELÉCTRICA VULCANIZADO DIRECTO AL CORTE
10615|AGUA DE MESA|ACTIVO|70|AGUA DE MESA
51|GRAPA|ACTIVO|6|GRAPA
11883|INODOROS|ACTIVO|282|INODOROS
11383|BOLÍGRAFO|ACTIVO|195|BOLÍGRAFO
10956|CENTRO DE IMPRESION|ACTIVO|101|CENTRO DE IMPRESIÓN
419|SEPARADOR|ACTIVO|35|SEPARADOR
10983|ETIQUETA ADHESIVA|ACTIVO|105|ETIQUETA ADHESIVA
10554|CONTROL REMOTO Y TERMOSTATO|ACTIVO|46|CONTROL REMOTO Y TERMOSTATO
11660|BALDE|ACTIVO|229|BALDE
11385|CHINCHE|ACTIVO|195|CHINCHE
11349|SEÑALÉTICA PARA LIMPIEZA|IMPLEMENTACION|189|SEÑALÉTICA PARA LIMPIEZA
11658|BIDON|ACTIVO|229|BIDÓN
17|KIT D/TRANSFERENCIA|ACTIVO|3|KIT DE TRANSFERENCIA
521|SILLA|ACTIVO|47|SILLA
10788|UNIÓN|ACTIVO|74|UNIÓN
253|PASTA DENTAL|ACTIVO|16|PASTA DENTAL
11026|PAPEL CREPÉ|ACTIVO|106|PAPEL CREPÉ
260|FRAZADA|ACTIVO|16|FRAZADA
10781|CURVA|IMPLEMENTACION|74|CURVA
262|BALDE|ACTIVO|16|BALDE
10783|TAPÓN|ACTIVO|74|TAPÓN
11449|PAPEL BOND HOMOLOGADO|ACTIVO|196|PAPEL BOND HOMOLOGADO
10756|PINTURA VIAL|ACTIVO|77|PINTURA VIAL
10958|KIT DE MANTENIMIENTO|ACTIVO|103|KIT DE MANTENIMIENTO
11458|IMPRESORA LED|ACTIVO|199|IMPRESORA LED
11251|COLUMNA DE MADERA ASERRADA PARA USO ESTRUCTURAL|ACTIVO|173|COLUMNA DE MADERA ASERRADA PARA USO ESTRUCTURAL
11460|IMPRESORA MULTIFUNCIONAL INYECCION|ACTIVO|199|IMPRESORA MULTIFUNCIONAL INYECCIÓN
11260|TABLA DE MADERA ASERRADA PARA USO ESTRUCTURAL|ACTIVO|173|TABLA DE MADERA ASERRADA PARA USO ESTRUCTURAL
11024|PAPEL CONTÓMETRO|ACTIVO|106|PAPEL CONTÓMETRO
11124|YEE|ACTIVO|138|YEE
11135|PINTURA ARQUITECTÓNICA |ACTIVO|140|PINTURA ARQUITECTÓNICA
10903|CERAS|ACTIVO|98|CERAS
12172|PULVERIZADORES Y ATOMIZADORES |ACTIVO|326|PULVERIZADORES Y ATOMIZADORES
10604|CEPILLO DENTAL|ACTIVO|24|CEPILLO DENTAL
10968|BANDERITA ADHESIVA|ACTIVO|105|BANDERITA ADHESIVA
12072|PLATO|ACTIVO|294|PLATO
12189|SILICONA|ACTIVO|326|SILICONA
340|ACCESORIOS PARA LIMPIEZA DE SUPERFICIES|ACTIVO|24|ACCESORIOS PARA LIMPIEZA DE SUPERFICIES
12208|NEUMÁTICOS VEHÍCULOS PESADOS|ACTIVO|329|NEUMÁTICOS VEHÍCULOS PESADOS
12157|EQUIPOS DE SONIDO|IMPLEMENTACION|323|EQUIPOS DE SONIDO
12057|SACO|ACTIVO|294|SACO
11453|TONER|ACTIVO|198|TONER
11436|NUMERADOR|ACTIVO|195|NUMERADOR
11890|TEE|ACTIVO|284|TEE
10954|IMPRESORA MULTIFUNCIONAL LED|ACTIVO|101|LED
10935|LIMPIADORES|ACTIVO|98|LIMPIADORES
457|PAPEL TOALLA|ACTIVO|24|PAPEL TOALLA
11640|ACEITE VEGETAL|ACTIVO|233|ACEITE VEGETAL
439|ESTACION DE TRABAJO|ACTIVO|28|ESTACIÓN DE TRABAJO
10985|FECHADOR|ACTIVO|105|FECHADOR
12258|GUANTES DE LÁTEX PARA SIMPLE USO PARA SALUD OCUPACIONAL|ACTIVO|344|GUANTES DE LÁTEX PARA SIMPLE USO PARA SALUD OCUPACIONAL
11722|MESA DE MELAMINE|IMPLEMENTACION|210|MESA DE MELAMINE
10550|DPS DISPOSITIVO DE PROTECCIÓN CONTRA SOBRETENSIONES|IMPLEMENTACION|59|DPS DISPOSITIVO DE PROTECCIÓN CONTRA SOBRETENSIONES
426|CARTULINA|ACTIVO|36|CARTULINA
10553|CABLES ELÉCTRICOS DE MEDIA TENSIÓN|ACTIVO|60|CABLES ELÉCTRICOS DE MEDIA TENSIÓN
10821|FRAZADA|ACTIVO|86|FRAZADA
11003|PLANCHA DE CORTE|ACTIVO|105|PLANCHA DE CORTE
90|PAPEL PERIODICO|ACTIVO|7|PAPEL PERIÓDICO
11186|ENCHUFES|IMPLEMENTACION|149|ENCHUFES
39|CRAYONES|ACTIVO|6|CRAYONES
325|BATERÍAS PARA VEHÍCULOS TERRESTRES|ACTIVO|25|BATERÍAS PARA VEHÍCULOS TERRESTRES
10886|PILAS|ACTIVO|94|PILAS
11253|POSTE DE MADERA ASERRADA PARA USO ESTRUCTURAL|IMPLEMENTACION|173|POSTE DE MADERA ASERRADA PARA USO ESTRUCTURAL
407|PERFORADOR|ACTIVO|35|PERFORADOR
10971|BOLÍGRAFO|ACTIVO|105|BOLÍGRAFO
400|LIGA|ACTIVO|35|LIGA
11094|PRODUCTOS PESQUEROS ENLATADOS|IMPLEMENTACION|122|PRODUCTOS PESQUEROS ENLATADOS
466|NEUMÁTICOS VEHÍCULOS LIVIANOS|ACTIVO|58|NEUMÁTICOS VEHÍCULOS LIVIANOS
11830|SACO DE VESTIR DE CASIMIR PARA HOMBRE|ACTIVO|276|SACO DE VESTIR DE CASIMIR PARA HOMBRE
11294|MEDIDOR ELECTRONICO TRIFASICO|ACTIVO|177|MEDIDOR ELECTRONICO TRIFASICO
383|CRAYONES|ACTIVO|35|CRAYONES
11513|PINTURA ARQUITECTÓNICA |ACTIVO|215|PINTURA ARQUITECTÓNICA
11262|CUARTÓN DE MADERA ASERRADA PARA USO ESTRUCTURAL|ACTIVO|173|CUARTÓN DE MADERA ASERRADA PARA USO ESTRUCTURAL
449|ESCANER DE DOCUMENTOS|ACTIVO|30|ESCÁNER DE DOCUMENTOS
10826|BIDON|ACTIVO|86|BIDÓN
10828|MOSQUITERO|ACTIVO|86|MOSQUITERO
83|PAPEL BOND|ACTIVO|7|PAPEL BOND
11296|FUSIBLE NH|IMPLEMENTACION|179|FUSIBLE NH
12164|PAPEL HIGIENICO|ACTIVO|327|PAPEL HIGIÉNICO
10577|BIDON|ACTIVO|65|BIDÓN
532|CABLES ELÉCTRICOS DE BAJA TENSIÓN|ACTIVO|60|CABLES ELÉCTRICOS DE BAJA TENSIÓN
11448|PAPEL CONTINUO|ACTIVO|196|PAPEL CONTINUO
11029|PAPEL PERIÓDICO|ACTIVO|106|PAPEL PERIÓDICO
11246|ZAPAPICO|IMPLEMENTACION|167|ZAPAPICO
11129|UNIÓN|ACTIVO|138|UNIÓN
11914|LUMINARIAS LED PARA INTERIORES|ACTIVO|289|LUMINARIAS LED PARA INTERIORES
501|PINTURA ARQUITECTÓNICA|ACTIVO|54|PINTURA ARQUITECTÓNICA
265|CARPA|ACTIVO|16|CARPA
10859|PIPETA PASTEUR DE PLÁSTICO|ACTIVO|225|PIPETA PASTEUR DE PLÁSTICO
10793|LUBRICANTE PARA PVC|IMPLEMENTACION|74|LUBRICANTE PARA PVC
10980|DISPENSADOR DE CINTA|ACTIVO|105|DISPENSADOR DE CINTA
11344|PASTA DENTAL|ACTIVO|189|PASTA DENTAL
299|COLCHA|ACTIVO|17|COLCHA
12031|GRADILLAS DE PLÁSTICO PARA TUBO|IMPLEMENTACION|296|GRADILLAS DE PLÁSTICO PARA TUBO
10944|TINTA|ACTIVO|102|TINTA
11346|CANASTILLAS DEODORIZANTES|IMPLEMENTACION|189|CANASTILLAS DEODORIZANTES
11561|LUMINARIAS LED PARA INTERIORES|ACTIVO|220|LUMINARIAS LED PARA INTERIORES
10946|REVELADOR|ACTIVO|102|REVELADOR
382|CORRECTOR|ACTIVO|35|CORRECTOR
80|TIJERA|ACTIVO|6|TIJERA
11897|PEGAMENTO PARA TUBERÍAS|ACTIVO|284|PEGAMENTO PARA TUBERÍAS
11799|LISTÓN DE MADERA PARA USO EN ENCOFRADOS|ACTIVO|270|LISTÓN DE MADERA PARA USO EN ENCOFRADOS
11412|PLANCHA DE CORTE|IMPLEMENTACION|195|PLANCHA DE CORTE
11012|SACAGRAPAS|ACTIVO|105|SACAGRAPAS
248|ESCANER DE PLANOS|ACTIVO|12|ESCÁNER DE PLANOS
46|FASTENER|ACTIVO|6|FASTENER
11378|ATRAPA POLVO|ACTIVO|189|ATRAPA POLVO
11414|PLUMÓN|ACTIVO|195|PLUMÓN
297|BIDÓN|ACTIVO|17|BIDÓN
414|PORTA LAPICEROS|ACTIVO|35|PORTA LAPICEROS
10978|CUADERNO|ACTIVO|105|CUADERNO
333|PROYECTOR ULTRA PORTÁTIL|ACTIVO|23|PROYECTOR ULTRA PORTÁTIL
11882|DESAGUE|IMPLEMENTACION|282|DESAGUE
11380|ALCOHOL ETÍLICO GEL DE USO NO MEDICINAL|ACTIVO|189|ALCOHOL ETÍLICO GEL DE USO NO MEDICINAL
250|ESCANER DE LIBROS|ACTIVO|12|ESCÁNER DE LIBROS
48|FOLDER|ACTIVO|6|FOLDER
11452|TINTA|ACTIVO|198|TINTA
11516|BASE|ACTIVO|215|BASE
11016|TAJADOR|ACTIVO|105|TAJADOR
11316|PROYECTOR DE ALTO BRILLO|ACTIVO|186|PROYECTOR DE ALTO BRILLO
11416|PORTA DOCUMENTOS|ACTIVO|195|PORTA DOCUMENTOS
11891|TUBO|ACTIVO|284|TUBO
11059|COMPUTADORA PORTATIL|ACTIVO|126|COMPUTADORA PORTÁTIL
513|PEDESTAL|ACTIVO|55|PEDESTAL
10959|KIT DE TRANSFERENCIA|ACTIVO|103|KIT DE TRANSFERENCIA
11916|REEMPLAZO DE LÁMPARA LED|IMPLEMENTACION|289|REEMPLAZO DE LÁMPARA LED
11234|ASPERSOR MANUAL DE MOCHILA|ACTIVO|166|ASPERSOR MANUAL DE MOCHILA
277|TOALLA|ACTIVO|17|TOALLA
11434|ETIQUETA ADHESIVA|ACTIVO|195|ETIQUETA ADHESIVA
10841|BARRETA|ACTIVO|87|BARRETA
11198|COLCHA|ACTIVO|154|COLCHA
11791|CORREA DE MADERA ASERRADA PARA USO ESTRUCTURAL|ACTIVO|271|CORREA DE MADERA ASERRADA PARA USO ESTRUCTURAL
11566|CABLES ELÉCTRICOS DE BAJA TENSIÓN|ACTIVO|221|CABLES ELÉCTRICOS DE BAJA TENSIÓN
10798|NEUMÁTICOS VEHÍCULOS LIVIANOS|ACTIVO|73|NEUMÁTICOS VEHÍCULOS LIVIANOS
11109|SELLADOR|IMPLEMENTACION|139|SELLADOR
427|PAPEL BOND|ACTIVO|36|PAPEL BOND
11402|LÁPICES DE COLORES|ACTIVO|195|LÁPICES DE COLORES
34|BORRADOR|ACTIVO|6|BORRADOR
11677|CALZADO DE VESTIR DE CUERO DE DAMA|IMPLEMENTACION|235|CALZADO DE VESTIR DE CUERO DE DAMA
11366|ESPONJAS Y FIBRAS|ACTIVO|189|ESPONJAS Y FIBRAS
402|MINA|ACTIVO|35|MINA
10966|ARCHIVADOR|ACTIVO|105|ARCHIVADOR
11741|MONITOR|ACTIVO|252|MONITOR
11248|CORREA DE MADERA ASERRADA PARA USO ESTRUCTURAL|ACTIVO|173|CORREA DE MADERA ASERRADA PARA USO ESTRUCTURAL
11902|UNIÓN|ACTIVO|284|UNIÓN
452|SHAMPOO PARA CABELLO|IMPLEMENTACION|24|SHAMPOO PARA CABELLO
11895|CURVA|IMPLEMENTACION|284|CURVA
12177|BASTONES Y MANGOS|ACTIVO|326|BASTONES Y MANGOS
11184|PDU UNIDAD DE DISTRIBUCIÓN ENERGÉTICA|IMPLEMENTACION|149|PDU UNIDAD DE DISTRIBUCIÓN ENERGÉTICA
11641|ARROZ PILADO|ACTIVO|233|ARROZ PILADO
11141|BASE|ACTIVO|140|BASE
10923|CEPILLOS Y ESCOBILLAS|ACTIVO|98|CEPILLOS Y ESCOBILLAS
10930|SHAMPOO PARA ALFOMBRA|ACTIVO|98|SHAMPOO PARA ALFOMBRA
10605|TOALLA DE MANOS|ACTIVO|24|TOALLA DE MANOS 
12152|PROYECTOR INTERACTIVO|IMPLEMENTACION|323|PROYECTOR INTERACTIVO
12045|PIPETA PASTEUR DE PLÁSTICO|IMPLEMENTACION|297|PIPETA PASTEUR DE PLÁSTICO
95|PAPEL HIGIENICO|ACTIVO|8|PAPEL HIGIÉNICO
2|IMPRESORA GRAN FORMATO LASER|ACTIVO|2|IMPRESORA GRAN FORMATO LÁSER
11534|CODO|ACTIVO|214|CODO
10548|PDU UNIDAD DE DISTRIBUCIÓN ENERGÉTICA|IMPLEMENTACION|59|PDU UNIDAD DE DISTRIBUCIÓN ENERGÉTICA
10934|DESINFECTANTES|ACTIVO|98|DESINFECTANTES
11650|CARPA|ACTIVO|229|CARPA
411|PLUMON|ACTIVO|35|PLUMÓN
318|PICO|ACTIVO|17|PICO
11425|TAJADOR|ACTIVO|195|TAJADOR
11189|SACO|ACTIVO|154|SACO
11089|ARROZ PILADO|ACTIVO|122|ARROZ PILADO
11900|YEE|ACTIVO|284|YEE
10975|CLIP|ACTIVO|105|CLIP
10889|PROYECTOR ESTÁNDAR|ACTIVO|96|PROYECTOR ESTÁNDAR
11100|PORCELANATO|ACTIVO|139|PORCELANATO
11225|TUBO PARA EXTRACCIÓN DE SANGRE CON SISTEMA AL VACÍO DE PLASTICO SIN ANTICOAGULANTE|ACTIVO|227|TUBO PARA EXTRACCIÓN DE SANGRE CON SISTEMA AL VACÍO DE PLASTICO SIN ANTICOAGULANTE
486|TAPÓN|ACTIVO|52|TAPÓN
11150|AROS|IMPLEMENTACION|145|AROS
286|BOTAS|ACTIVO|17|BOTAS
11743|COMPUTADORA PORTATIL|ACTIVO|250|COMPUTADORA PORTÁTIL
529|BUTACA|ACTIVO|47|BUTACA
10814|EVAPORADOR Y CONDENSADOR|IMPLEMENTACION|81|EVAPORADOR Y CONDENSADOR
11393|CUCHILLA|ACTIVO|195|CUCHILLA
343|TEMPERA|ACTIVO|6|TEMPERA
393|FORRO|ACTIVO|35|FORRO
11007|PORTA DOCUMENTOS|ACTIVO|105|PORTA DOCUMENTOS
11918|CABLES ELÉCTRICOS DESNUDOS|ACTIVO|290|CABLES ELÉCTRICOS DESNUDOS
11468|TAMBOR|ACTIVO|200|TAMBOR
11825|BLUSA DE VESTIR DE OXFORD MANGA LARGA|ACTIVO|276|BLUSA DE VESTIR DE OXFORD MANGA LARGA
43|ENGRAPADOR|ACTIVO|6|ENGRAPADOR
10964|UNIDA DE RECOLECCION|ACTIVO|103|UNIDAD DE RECOLECCIÓN
10957|BANDEJA|ACTIVO|103|BANDEJA
10807|CARPETA|IMPLEMENTACION|80|CARPETA
11025|PAPEL COUCHÉ|ACTIVO|106|PAPEL COUCHÉ
11032|APILADOR|IMPLEMENTACION|103|APILADOR
11382|PAÑAL DESECHABLE PARA INFANTES CON CINTAS DE SUJECIÓN|ACTIVO|193|PAÑAL DESECHABLE PARA INFANTES CON CINTAS DE SUJECIÓN
10782|YEE|ACTIVO|74|YEE
254|PEINE|ACTIVO|16|PEINE
311|PALA|ACTIVO|16|PALA
261|TABLERO DE TRIPLAY|ACTIVO|16|TABLERO DE TRIPLAY
268|CARRETILLA|ACTIVO|16|CARRETILLA
11443|PAPEL CREPÉ|ACTIVO|196|PAPEL CREPÉ
11243|BARRETA PUNTA HEXAGONAL|IMPLEMENTACION|167|BARRETA PUNTA HEXAGONAL
11432|BINDER CLIP|ACTIVO|195|BINDER CLIP
10989|GRAPA|ACTIVO|105|GRAPA
11507|REDUCCIÓN|ACTIVO|214|REDUCCIÓN
11232|MOTOPULVERIZADORA|ACTIVO|166|MOTOPULVERIZADORA
10950|IMPRESORA LED|ACTIVO|101|IMPRESORA LED
10750|GRIFERIA|ACTIVO|75|GRIFERIA
10914|HIPOCLORITO DE SODIO|ACTIVO|98|HIPOCLORITO DE SODIO
12193|TOALLAS|ACTIVO|326|TOALLAS
10939|TINAS Y BATEAS|ACTIVO|98|TINAS Y BATEAS
11668|BARRETA|ACTIVO|230|BARRETA
336|LIMPIADORES MULTIPROPÓSITO|ACTIVO|24|LIMPIADORES MULTIPROPÓSITO
11925|TOMACORRIENTES|ACTIVO|291|TOMACORRIENTES
472|LUMINARIAS LED PARA INTERIORES|ACTIVO|59|LUMINARIAS LED PARA INTERIORES
12168|AMBIENTADORES Y PASTILLAS|ACTIVO|326|AMBIENTADORES Y PASTILLAS
12068|BALDE|ACTIVO|294|BALDE
12061|SÁBANA|ACTIVO|294|SÁBANA
11257|PARANTE DE MADERA ASERRADA PARA USO ESTRUCTURAL|ACTIVO|173|PARANTE DE MADERA ASERRADA PARA USO ESTRUCTURAL
12075|PALA|ACTIVO|295|PALA
11|IMPRESORA TERMICA|ACTIVO|2|IMPRESORA TÉRMICA
329|BATERÍAS PARA SISTEMAS DE ALIMENTACIÓN ININTERRUMPIDA UPS|IMPLEMENTACION|25|BATERÍAS PARA SISTEMAS DE ALIMENTACIÓN ININTERRUMPIDA UPS
86|PAPEL COUCHE|ACTIVO|7|PAPEL COUCHÉ
11182|TOMACORRIENTES|ACTIVO|149|TOMACORRIENTES
11811|CAMISACO DE DRILL PARA MUJER|ACTIVO|275|CAMISACO DE DRILL PARA MUJER
11532|LAVATORIO|IMPLEMENTACION|213|LAVATORIO
10882|BATERÍAS PARA VEHÍCULOS TERRESTRES|ACTIVO|94|BATERÍAS PARA VEHÍCULOS TERRESTRES
368|TINTA|ACTIVO|33|TINTA
12000|HOZ|ACTIVO|306|HOZ
10825|SACO|ACTIVO|86|SACO
104|PANTALLA PUBLICITARIA|ACTIVO|10|PANTALLA PUBLICITARIA
11836|POLO DE JERSEY PARA MUJER CUELLO REDONDO|ACTIVO|277|POLO DE JERSEY PARA MUJER CUELLO REDONDO
11164|BUTACA|ACTIVO|146|BUTACA
10546|UPS SISTEMA DE ALIMENTACIÓN ININTERRUMPIDA|IMPLEMENTACION|59|UPS SISTEMA DE ALIMENTACIÓN ININTERRUMPIDA
11457|IMPRESORA LASER|ACTIVO|199|IMPRESORA LÁSER
11993|DESBROZADORA|ACTIVO|305|DESBROZADORA
354|IMPRESORA MULTIFUNCIONAL LED|ACTIVO|32|LED
404|NOTA|ACTIVO|35|NOTA
12243|LISTÓN DE MADERA ASERRADA PARA USO ESTRUCTURAL|ACTIVO|331|LISTÓN DE MADERA ASERRADA PARA USO ESTRUCTURAL
12043|EMBUDO DE PLÁSTICO|IMPLEMENTACION|296|EMBUDO DE PLÁSTICO
468|NEUMÁTICOS VEHÍCULOS AÉREOS|IMPLEMENTACION|58|NEUMÁTICOS VEHÍCULOS AÉREOS
11268|CUARTÓN DE MADERA PARA USO EN ENCOFRADOS|ACTIVO|241|CUARTÓN DE MADERA PARA USO EN ENCOFRADOS
10839|PALA|ACTIVO|87|PALA
54|LIBRETA D/CAMPO TOPOGRAFICA|ACTIVO|6|LIBRETA DE CAMPO TOPOGRÁFICA
61|NUMERADOR|ACTIVO|6|NUMERADOR
11200|BOTAS|ACTIVO|154|BOTAS
18|KIT FUSOR|ACTIVO|3|KIT FUSOR
11193|SABANA|ACTIVO|154|SÁBANA
11050|FIDEOS LARGOS|ACTIVO|122|FIDEOS LARGOS
11343|PAÑOS Y BAYETAS|ACTIVO|189|PAÑOS Y BAYETAS
11800|TABLÓN DE MADERA PARA USO EN ENCOFRADOS|ACTIVO|270|TABLÓN DE MADERA PARA USO EN ENCOFRADOS
379|CHINCHE|ACTIVO|35|CHINCHE
11057|PANTALLA INTERACTIVA|ACTIVO|125|PANTALLA INTERACTIVA
11675|CALZADO DE CUERO DE CABALLERO Y DAMA|ACTIVO|235|CALZADO DE CUERO DE CABALLERO Y DAMA
12011|AGUA DE MESA DESCARTABLE |ACTIVO|308|AGUA DE MESA DESCARTABLE
12025|PISETA DE PLÁSTICO|ACTIVO|296|PISETA DE PLÁSTICO
11961|BOTA BORCEGUI CEMENTADO|IMPLEMENTACION|299|BOTA BORCEGUI CEMENTADO
79|TAMPON|ACTIVO|6|TAMPÓN
10607|PALA|ACTIVO|64|PALA
29|BANDEJA PORTAPAPEL|ACTIVO|6|BANDEJA PORTAPAPEL
11368|TINAS Y BATEAS|ACTIVO|189|TINAS Y BATEAS
11175|LUMINARIAS LED PARA INTERIORES|ACTIVO|148|LUMINARIAS LED PARA INTERIORES
11318|PROYECTOR ULTRA PORTÁTIL|IMPLEMENTACION|186|PROYECTOR ULTRA PORTÁTIL
11818|PANTALON DE VESTIR DE LANILLA PARA HOMBRE|ACTIVO|276|PANTALÓN DE VESTIR DE LANILLA PARA HOMBRE
36|CINTA|ACTIVO|6|CINTA
4|IMPRESORA INYECCION|ACTIVO|2|IMPRESORA INYECCIÓN
11693|BOTA DIELECTRICA INYECCION DIRECTA AL CORTE|IMPLEMENTACION|235|BOTA DIELÉCTRICA INYECCIÓN DIRECTA AL CORTE
11300|SECCIONADOR CUT OUT|ACTIVO|179|SECCIONADOR CUT OUT
11657|COLCHA|ACTIVO|229|COLCHA
418|SACAGRAPAS|ACTIVO|35|SACAGRAPAS
10982|ESPONJERO|ACTIVO|105|ESPONJERO
436|COMPUTADORA CLIENTE LIVIANO|ACTIVO|28|COMPUTADORA CLIENTE LIVIANO
10571|COLCHON|ACTIVO|65|COLCHÓN
11293|MEDIDOR ELECTRONICO MONOFASICO|ACTIVO|177|MEDIDOR ELECTRONICO MONOFASICO
11350|HIPOCLORITO DE SODIO|ACTIVO|189|HIPOCLORITO DE SODIO
12154|PROYECTOR ESTÁNDAR|ACTIVO|323|PROYECTOR ESTÁNDAR
522|MESA|IMPLEMENTACION|47|MESA
11168|CABLES ELÉCTRICOS DESNUDOS|ACTIVO|150|CABLES ELÉCTRICOS DESNUDOS
504|PINTURA VIAL|ACTIVO|54|PINTURA VIAL
10832|PLATO|ACTIVO|86|PLATO
386|DISPENSADOR D/CINTA|ACTIVO|35|DISPENSADOR DE CINTA
497|YEE|ACTIVO|52|YEE
443|ESCANER DE LIBROS|ACTIVO|30|ESCÁNER DE LIBROS
11418|PORTA TARJETAS|ACTIVO|195|PORTA TARJETAS
11207|PICO|ACTIVO|155|PICO
11250|VIGA DE MADERA ASERRADA PARA USO ESTRUCTURAL|ACTIVO|173|VIGA DE MADERA ASERRADA PARA USO ESTRUCTURAL
11467|KIT FUSOR|ACTIVO|200|KIT FUSOR
76|SOBRE|ACTIVO|6|SOBRE
12144|CAJA ARCHIVADORA CON TAPA|ACTIVO|195|CAJA ARCHIVADORA CON TAPA
12001|RASTRILLO DE METAL|ACTIVO|306|RASTRILLO DE METAL
369|TONER|ACTIVO|33|TONER
444|TEMPERA|ACTIVO|35|TEMPERA
11008|PORTA LAPICEROS|ACTIVO|105|PORTA LAPICEROS
11031|IMPRESORA GRAN FORMATO LASER|INACTIVO|101|IMPRESORA GRAN FORMATO LÁSER
11408|MINA|ACTIVO|195|MINA
11501|DESAGUE|IMPLEMENTACION|213|DESAGUE
11701|GUANTES DE LÁTEX PARA SIMPLE USO PARA SALUD OCUPACIONAL|ACTIVO|245|GUANTES DE LÁTEX PARA SIMPLE USO PARA SALUD OCUPACIONAL
10806|SILLA|ACTIVO|80|SILLA
11533|GRIFERÍA|IMPLEMENTACION|213|GRIFERÍA
11667|PLATO|ACTIVO|229|PLATO
11310|ACCESORIOS|IMPLEMENTACION|185|ACCESORIOS
11510|TUBO|ACTIVO|214|TUBO
11976|AZÚCAR|ACTIVO|310|AZÚCAR
11006|PORTA CLIPS|ACTIVO|105|PORTA CLIPS
12067|BOTAS|ACTIVO|294|BOTAS
11710|CREDENZA MADERA|IMPLEMENTACION|210|CREDENZA MADERA
471|LUMINARIA DE GESTIÓN DE MOVIMIENTO LED|IMPLEMENTACION|59|LUMINARIA DE GESTIÓN DE MOVIMIENTO LED
1|IMPRESORA GRAN FORMATO INYECCION|ACTIVO|2|IMPRESORA GRAN FORMATO INYECCIÓN
335|INSUMOS DE LAVADO EN GENERAL|ACTIVO|24|INSUMOS DE LAVADO EN GENERAL
10763|CERÁMICO|ACTIVO|76|CERÁMICO
10933|ALCOHOL|ACTIVO|98|ALCOHOL
10599|EXTENSIONES|IMPLEMENTACION|59|EXTENSIONES
10940|TACHOS BUZONES Y RECOLECTORES|ACTIVO|98|TACHOS BUZONES Y RECOLECTORES
10897|JABON|ACTIVO|98|JABÓN
11231|DESBROZADORA|ACTIVO|166|DESBROZADORA
12178|CEPILLOS Y ESCOBILLAS|ACTIVO|326|CEPILLOS Y ESCOBILLAS
11808|PANTALÓN DE FAENA DE RIP STOP PARA HOMBRE|ACTIVO|275|PANTALÓN DE FAENA DE RIP STOP PARA HOMBRE
11642|FRIJOL|ACTIVO|233|FRIJOL
10908|PULVERIZADORES Y ATOMIZADORES |ACTIVO|98|PULVERIZADORES Y ATOMIZADORES
310|BOBINA|ACTIVO|16|BOBINA
11133|LUBRICANTE PARA PVC|IMPLEMENTACION|138|LUBRICANTE PARA PVC
11440|PAPEL BOND|ACTIVO|196|PAPEL BOND
11442|PAPEL COUCHÉ|ACTIVO|196|PAPEL COUCHÉ
312|PICO|ACTIVO|16|PICO
11842|VENTILADOR|IMPLEMENTACION|280|VENTILADOR
11240|SERRUCHO DE PODA|ACTIVO|167|SERRUCHO DE PODA
11242|AZADON|ACTIVO|167|AZADÓN
435|PAPELOGRAFO|ACTIVO|36|PAPELÓGRAFO
269|COLCHA|ACTIVO|16|COLCHA
271|MOSQUITERO|ACTIVO|16|MOSQUITERO
11065|PRUEBA SEROLÓGICA RÁPIDA COVID 19 IGG IGM|ACTIVO|129|PRUEBA SEROLÓGICA RÁPIDA COVID 19 IGG IGM
10808|ARCHIVADOR|IMPLEMENTACION|80|ARCHIVADOR
11040|FRASCO DE PLÁSTICO PARA MUESTRAS|ACTIVO|225|FRASCO DE PLÁSTICO PARA MUESTRAS
101|ESTACION DE TRABAJO|ACTIVO|10|ESTACIÓN DE TRABAJO
103|PANTALLA INTERACTIVA|ACTIVO|10|PANTALLA INTERACTIVA
11669|CALZADO ESCOLAR|IMPLEMENTACION|235|CALZADO ESCOLAR
11835|POLO DE JERSEY PARA HOMBRE CUELLO V|ACTIVO|277|POLO DE JERSEY PARA HOMBRE CUELLO V
11410|PEGAMENTO|ACTIVO|195|PEGAMENTO
12003|NAVAJA DE INJERTAR|ACTIVO|306|NAVAJA DE INJERTAR
12167|RECOGEDORES|ACTIVO|326|RECOGEDORES
42|DISPENSADOR D/CINTA|ACTIVO|6|DISPENSADOR DE CINTA
11878|PEDESTAL|ACTIVO|282|PEDESTAL
410|PLASTILINA|ACTIVO|35|PLASTILINA
10974|CINTA|ACTIVO|105|CINTA
11308|PARARRAYOS DPS|IMPLEMENTACION|179|PARARRAYOS DPS
11067|RESPIRADOR DESCARTABLE N95|ACTIVO|132|RESPIRADOR DESCARTABLE N95
12076|PICO|ACTIVO|295|PICO
11042|MASCARILLA DESCARTABLE DE USO NO HOSPITALARIO PARA SALUD OCUPACIONAL|IMPLEMENTACION|108|MASCARILLA DESCARTABLE DE USO NO HOSPITALARIO PARA SALUD OCUPACIONAL
11465|KIT DE MANTENIMIENTO|ACTIVO|200|KIT DE MANTENIMIENTO
10931|DETERGENTES|ACTIVO|98|DETERGENTES
246|ESTACION DE TRABAJO PORTATIL|ACTIVO|11|ESTACIÓN DE TRABAJO PORTÁTIL
12069|CUCHILLO|ACTIVO|294|CUCHILLO
480|FRAGUA|ACTIVO|53|FRAGUA
11735|COMPUTADORA DE ESCRITORIO|ACTIVO|252|COMPUTADORA DE ESCRITORIO
12169|JABÓN PARA HIGIENE DE MANOS DE USO NO MEDICINAL|ACTIVO|326|JABÓN PARA HIGIENE DE MANOS DE USO NO MEDICINAL
12176|BASTIDORES Y ARMAZONES|IMPLEMENTACION|326|BASTIDORES Y ARMAZONES
11742|PANTALLA PUBLICITARIA|ACTIVO|252|PANTALLA PUBLICITARIA
10|IMPRESORA MULTIFUNCIONAL LED|ACTIVO|2|LED
10972|BORRADOR|ACTIVO|105|BORRADOR
337|AMBIENTADORES Y DEODORIZANTES|ACTIVO|24|AMBIENTADORES Y DEODORIZANTES
11978|ACEITE VEGETAL|ACTIVO|310|ACEITE VEGETAL
11335|PAPEL HIGIENICO|ACTIVO|188|PAPEL HIGIÉNICO
10899|PAÑOS Y BAYETAS|ACTIVO|98|PAÑOS Y BAYETAS
10997|MOTA|ACTIVO|105|MOTA
11810|CAMISACO DE DRILL PARA HOMBRE|ACTIVO|275|CAMISACO DE DRILL PARA HOMBRE
11903|CACHIMBA|IMPLEMENTACION|284|CACHIMBA
10799|NEUMÁTICOS VEHÍCULOS PESADOS|ACTIVO|73|NEUMÁTICOS VEHÍCULOS PESADOS
10999|NUMERADOR|ACTIVO|105|NUMERADOR
69|PORTA DOCUMENTOS|ACTIVO|6|PORTA DOCUMENTOS
11365|DESENGRASANTES|ACTIVO|189|DESENGRASANTES
11401|GRAPA|ACTIVO|195|GRAPA
35|CHINCHE|ACTIVO|6|CHINCHE
11367|SILICONA|ACTIVO|189|SILICONA
11833|SACO DE VESTIR DE LANILLA PARA MUJER|ACTIVO|276|SACO DE VESTIR DE LANILLA PARA MUJER
10965|ALFILER|ACTIVO|105|ALFILER
11176|LUMINARIAS LED PARA EXTERIORES|ACTIVO|148|LUMINARIAS LED PARA EXTERIORES
11567|CABLES ELÉCTRICOS DE MEDIA TENSIÓN|ACTIVO|221|CABLES ELÉCTRICOS DE MEDIA TENSIÓN
10767|PORCELANATO|ACTIVO|76|PORCELANATO
10967|BANDEJA PORTAPAPEL|ACTIVO|105|BANDEJA PORTAPAPEL
512|LAVATORIO|ACTIVO|55|LAVATORIO
276|PEINE|ACTIVO|17|PEINE
11433|BLOCK|ACTIVO|195|BLOCK
11435|MOTA|ACTIVO|195|MOTA
12246|PUNTAL DE MADERA ASERRADA PARA USO ESTRUCTURAL|ACTIVO|331|PUNTAL DE MADERA ASERRADA PARA USO ESTRUCTURAL
11108|FRAGUA|ACTIVO|139|FRAGUA
67|PLUMON|ACTIVO|6|PLUMÓN
11399|FOLDER|ACTIVO|195|FOLDER
10831|BALDE|ACTIVO|86|BALDE
11708|ARCHIVADOR DE MADERA|IMPLEMENTACION|210|ARCHIVADOR DE MADERA
11206|PALA|ACTIVO|155|PALA
12010|ZAPAPICO|IMPLEMENTACION|306|ZAPAPICO
10833|CUCHARA|ACTIVO|86|CUCHARA
3|IMPRESORA GRAN FORMATO LED|ACTIVO|2|IMPRESORA GRAN FORMATO LED
11208|BARRETA|ACTIVO|155|BARRETA
437|COMPUTADORA DE ESCRITORIO|ACTIVO|28|COMPUTADORA DE ESCRITORIO
11540|PEDESTAL|ACTIVO|213|PEDESTAL
10572|BOTAS|ACTIVO|65|BOTAS
11131|CAJA|ACTIVO|138|CAJA
10865|PISETA DE PLÁSTICO|ACTIVO|89|PISETA DE PLÁSTICO
378|BORRADOR|ACTIVO|35|BORRADOR
11201|BALDE|ACTIVO|154|BALDE
11674|CALZADO DE ALTO BRILLO DE CABALLERO Y DAMA|ACTIVO|235|CALZADO DE ALTO BRILLO DE CABALLERO Y DAMA
11803|GUANTES DE LÁTEX PARA SIMPLE USO PARA SALUD OCUPACIONAL|ACTIVO|273|GUANTES DE LÁTEX PARA SIMPLE USO PARA SALUD OCUPACIONAL
71|PORTA TARJETAS|ACTIVO|6|PORTA TARJETAS
10606|TABLERO DE TRIPLAY|ACTIVO|64|TABLERO DE TRIPLAY
78|TAJADOR|ACTIVO|6|TAJADOR
380|CINTA|ACTIVO|35|CINTA
446|ESTACION DE TRABAJO PORTATIL|ACTIVO|29|ESTACIÓN DE TRABAJO PORTÁTIL
12242|FRISO DE MADERA ASERRADA PARA USO ESTRUCTURAL|ACTIVO|331|FRISO DE MADERA ASERRADA PARA USO ESTRUCTURAL
11174|LUMINARIA DE GESTIÓN DE MOVIMIENTO LED|IMPLEMENTACION|148|LUMINARIA DE GESTIÓN DE MOVIMIENTO LED
510|INODOROS|ACTIVO|55|INODOROS
10565|BARRETA|ACTIVO|64|BARRETA
403|MOTA|ACTIVO|35|MOTA
346|IMPRESORA GRAN FORMATO LASER|IMPLEMENTACION|32|IMPRESORA GRAN FORMATO LÁSER
44|ESPONJERO|ACTIVO|6|ESPONJERO
11376|TOALLAS|ACTIVO|189|TOALLAS
11265|LISTÓN DE MADERA PARA USO EN ENCOFRADOS|ACTIVO|241|LISTÓN DE MADERA PARA USO EN ENCOFRADOS
37|CLIP|ACTIVO|6|CLIP
11267|TABLÓN DE MADERA PARA USO EN ENCOFRADOS|ACTIVO|241|TABLÓN DE MADERA PARA USO EN ENCOFRADOS
405|NUMERADOR|ACTIVO|35|NUMERADOR
12244|PARANTE DE MADERA ASERRADA PARA USO ESTRUCTURAL|ACTIVO|331|PARANTE DE MADERA ASERRADA PARA USO ESTRUCTURAL
469|AROS|IMPLEMENTACION|58|AROS
10840|PICO|ACTIVO|87|PICO
412|PORTA CLIPS|ACTIVO|35|PORTA CLIPS
11744|ESTACION DE TRABAJO PORTATIL|ACTIVO|250|ESTACIÓN DE TRABAJO PORTÁTIL
11544|PEGAMENTO|ACTIVO|212|PEGAMENTO
11801|CUARTÓN DE MADERA PARA USO EN ENCOFRADOS|ACTIVO|270|CUARTÓN DE MADERA PARA USO EN ENCOFRADOS
12|ACABADOR|ACTIVO|3|ACABADOR
371|ALFILER|ACTIVO|35|ALFILER
11199|BIDON|ACTIVO|154|BIDÓN
11114|INODOROS|ACTIVO|141|INODOROS
11636|FIDEOS LARGOS|IMPLEMENTACION|233|FIDEOS LARGOS
279|PLATOS|ACTIVO|17|PLATOS
68|PORTA CLIPS|ACTIVO|6|PORTA CLIPS
11400|FORRO|ACTIVO|195|FORRO
11000|PEGAMENTO|ACTIVO|105|PEGAMENTO
11793|UMBRAL DE MADERA ASERRADA PARA USO ESTRUCTURAL|ACTIVO|271|UMBRAL DE MADERA ASERRADA PARA USO ESTRUCTURAL
10800|NEUMÁTICOS VEHÍCULOS AÉREOS|IMPLEMENTACION|73|NEUMÁTICOS VEHÍCULOS AÉREOS
10589|SACO|ACTIVO|65|SACO
447|TABLETA|ACTIVO|29|TABLETA
11868|PORCELANATO|ACTIVO|285|PORCELANATO
429|PAPEL CONTOMETRO|ACTIVO|36|PAPEL CONTÓMETRO
12179|ESCOBAS|ACTIVO|326|ESCOBAS
454|ESPUMA DE AFEITAR|IMPLEMENTACION|24|ESPUMA DE AFEITAR
11282|CONTROLADOR DE CARGA|INACTIVO|169|CONTROLADOR DE CARGA
11643|PRODUCTOS PESQUEROS ENLATADOS|IMPLEMENTACION|233|PRODUCTOS PESQUEROS ENLATADOS
11064|ESCANER DE LIBROS|ACTIVO|127|ESCÁNER DE LIBROS
12186|DESINFECTANTES|ACTIVO|326|DESINFECTANTES
93|ESPUMA DE AFEITAR|ACTIVO|8|ESPUMA DE AFEITAR
12254|ESTACA DE MADERA PARA USO EN ENCOFRADOS Y REPLANTEO|ACTIVO|332|ESTACA DE MADERA PARA USO EN ENCOFRADOS Y REPLANTEO
11450|CINTA|ACTIVO|198|CINTA
11407|LIMPIATIPO|ACTIVO|195|LIMPIATIPO
10925|ESCOBILLONES|ACTIVO|98|ESCOBILLONES
11014|SOBRE|ACTIVO|105|SOBRE
11786|TABLA DE MADERA ASERRADA PARA USO ESTRUCTURAL|ACTIVO|271|TABLA DE MADERA ASERRADA PARA USO ESTRUCTURAL
11661|CUCHILLO|ACTIVO|229|CUCHILLO
479|PEGAMENTO|ACTIVO|53|PEGAMENTO
361|KIT D/TRANSFERENCIA|ACTIVO|34|KIT DE TRANSFERENCIA
11875|PEGAMENTO|ACTIVO|285|PEGAMENTO
10932|REMOVEDORES DE SARRO|ACTIVO|98|REMOVEDORES DE SARRO
11736|COMPUTADORA TODO EN UNO|ACTIVO|252|COMPUTADORA TODO EN UNO
11718|ESTANTE DE MELAMINE|IMPLEMENTACION|210|ESTANTE DE MELAMINE
11238|LIMA DE AFILAR|ACTIVO|167|LIMA DE AFILAR
11906|PINTURA ARQUITECTÓNICA |ACTIVO|286|PINTURA ARQUITECTÓNICA
11837|POLO PIQUE DE HOMBRE|ACTIVO|277|POLO PIQUE DE HOMBRE
11737|ESCANER DE PLANOS|ACTIVO|251|ESCÁNER DE PLANOS
11570|INTERRUPTOR TERMOMAGNETICO|ACTIVO|222|INTERRUPTOR TERMOMAGNÉTICO
309|SACO|ACTIVO|16|SACO
88|PAPEL FOTO|ACTIVO|7|PAPEL FOTO
11456|IMPRESORA INYECCION|ACTIVO|199|IMPRESORA INYECCIÓN
11237|HOZ|ACTIVO|167|HOZ
10787|TUBO|ACTIVO|74|TUBO
11755|AGUA DE MESA DESCARTABLE |ACTIVO|254|AGUA DE MESA DESCARTABLE
11905|PINTURA VIAL|ACTIVO|286|PINTURA VIAL
259|BARRETA |ACTIVO|16|BARRETA
11120|REDUCCIÓN|ACTIVO|138|REDUCCIÓN
12074|CARRETILLA|ACTIVO|295|CARRETILLA
11455|IMPRESORA GRAN FORMATO INYECCION|ACTIVO|199|IMPRESORA GRAN FORMATO INYECCIÓN
256|CUCHARA|ACTIVO|16|CUCHARA
11255|UMBRAL DE MADERA ASERRADA PARA USO ESTRUCTURAL|ACTIVO|173|UMBRAL DE MADERA ASERRADA PARA USO ESTRUCTURAL
11738|ESCANER DE DOCUMENTOS|ACTIVO|251|ESCÁNER DE DOCUMENTOS
11406|LIGA|ACTIVO|195|LIGA
38|CORRECTOR|ACTIVO|6|CORRECTOR
11370|RECOGEDORES|ACTIVO|189|RECOGEDORES
406|PEGAMENTO|ACTIVO|35|PEGAMENTO
11020|TINTA|ACTIVO|105|TINTA
10970|BLOCK|ACTIVO|105|BLOCK
11655|CUCHARA|ACTIVO|229|CUCHARA
11420|REVISTERO|ACTIVO|195|REVISTERO
11924|INTERRUPTOR DIFERENCIAL|ACTIVO|291|INTERRUPTOR DIFERENCIAL
11488|PASTILLAS AMBIENTADORAS|IMPLEMENTACION|189|PASTILLAS AMBIENTADORAS
11388|CINTA|ACTIVO|195|CINTA
11338|CEPILLO DENTAL|ACTIVO|189|CEPILLO DENTAL
56|LIGA|ACTIVO|6|LIGA
11438|FUNDA PORTAPAPEL|ACTIVO|195|FUNDA PORTAPAPEL
11673|CALZADO DE VESTIR DE CUERO DE CABALLERO|ACTIVO|235|CALZADO DE VESTIR DE CUERO DE CABALLERO
11352|BASTONES Y MANGOS|ACTIVO|189|BASTONES Y MANGOS
11202|PLATO|ACTIVO|154|PLATO
10988|FUNDA PORTAPAPEL|ACTIVO|105|FUNDA PORTAPAPEL
11052|COMPUTADORA CLIENTE LIVIANO|ACTIVO|125|COMPUTADORA CLIENTE LIVIANO
11820|CAMISA DE VESTIR DE OXFORD MANGA CORTA|ACTIVO|276|CAMISA DE VESTIR DE OXFORD MANGA CORTA
10951|IMPRESORA MATRICIAL|ACTIVO|101|IMPRESORA MATRICIAL
273|CEPILLO DENTAL|ACTIVO|17|CEPILLO DENTAL
323|BOBINA|ACTIVO|17|BOBINA
423|TAMPON|ACTIVO|35|TAMPÓN
441|PANTALLA INTERACTIVA|ACTIVO|28|PANTALLA INTERACTIVA
10987|FORRO|ACTIVO|105|FORRO
11387|BANDEJA PORTAPAPEL|ACTIVO|195|BANDEJA PORTAPAPEL
12073|BARRETA|ACTIVO|295|BARRETA
11888|REDUCCIÓN|ACTIVO|284|REDUCCIÓN
10602|INTERRUPTORES|ACTIVO|59|INTERRUPTORES
12006|SERRUCHO DE PODA|ACTIVO|306|SERRUCHO DE PODA
324|SACO|ACTIVO|17|SACO
11319|PIZARRA INTERACTIVA|IMPLEMENTACION|186|PIZARRA INTERACTIVA
11019|TIJERA|ACTIVO|105|TIJERA
10837|TABLERO DE TRIPLAY|ACTIVO|86|TABLERO DE TRIPLAY
11838|POLO PIQUE DE MUJER|ACTIVO|277|POLO PIQUE DE MUJER
11656|CALAMINA|ACTIVO|229|CALAMINA
10570|CAMA|ACTIVO|65|CAMA
11305|AISLADOR|ACTIVO|179|AISLADOR
55|LIBRO D/ACTAS|ACTIVO|6|LIBRO DE ACTAS
474|REEMPLAZO DE LÁMPARA LED|ACTIVO|59|REEMPLAZO DE LÁMPARA LED
11356|ESCOBILLONES|ACTIVO|189|ESCOBILLONES
392|FOLDER|ACTIVO|35|FOLDER
11955|CALZADO DE CUERO DE CABALLERO Y DAMA|ACTIVO|299|CALZADO DE CUERO DE CABALLERO Y DAMA
11469|UNIDAD DE RECOLECCION|ACTIVO|200|UNIDAD DE RECOLECCIÓN
11538|PINTURA INDUSTRIAL|IMPLEMENTACION|215|PINTURA INDUSTRIAL
11088|ACEITE VEGETAL|ACTIVO|122|ACEITE VEGETAL
11824|BLUSA DE VESTIR DE OXFORD MANGA CORTA|ACTIVO|276|BLUSA DE VESTIR DE OXFORD MANGA CORTA
11355|ESCOBAS|ACTIVO|189|ESCOBAS
11055|ESTACION DE TRABAJO|ACTIVO|125|ESTACIÓN DE TRABAJO
11956|CALZADO DE VESTIR DE CUERO DE CABALLERO|ACTIVO|299|CALZADO DE VESTIR DE CUERO DE CABALLERO
11152|NEUMÁTICOS VEHÍCULOS LIVIANOS|ACTIVO|145|NEUMÁTICOS VEHÍCULOS LIVIANOS
11823|CAMISA DE VESTIR DE POPELINA MANGA LARGA|ACTIVO|276|CAMISA DE VESTIR DE POPELINA MANGA LARGA
391|FECHADOR|ACTIVO|35|FECHADOR
11188|FRAZADA|ACTIVO|154|FRAZADA
10888|PROYECTOR DE ALTO BRILLO|ACTIVO|96|PROYECTOR DE ALTO BRILLO
424|TIJERA|ACTIVO|35|TIJERA
374|BANDERITA ADHESIVA|ACTIVO|35|BANDERITA ADHESIVA
41|CUCHILLA|ACTIVO|6|CUCHILLA
11269|ESTACA DE MADERA PARA USO EN ENCOFRADOS Y REPLANTEO|ACTIVO|241|ESTACA DE MADERA PARA USO EN ENCOFRADOS Y REPLANTEO
74|SACAGRAPAS|ACTIVO|6|SACAGRAPAS
12241|CUARTÓN DE MADERA ASERRADA PARA USO ESTRUCTURAL|ACTIVO|331|CUARTÓN DE MADERA ASERRADA PARA USO ESTRUCTURAL
409|PLANCHA D/CORTE|ACTIVO|35|PLANCHA DE CORTE
11187|COLCHON|ACTIVO|154|COLCHÓN
11520|FRAGUA|ACTIVO|212|FRAGUA
11573|INTERRUPTORES|ACTIVO|222|INTERRUPTORES
91|PAPELOGRAFO|ACTIVO|7|PAPELÓGRAFO
11787|TABLÓN DE MADERA ASERRADA PARA USO ESTRUCTURAL|ACTIVO|271|TABLÓN DE MADERA ASERRADA PARA USO ESTRUCTURAL
11252|SOLERA DE MADERA ASERRADA PARA USO ESTRUCTURAL|ACTIVO|173|SOLERA DE MADERA ASERRADA PARA USO ESTRUCTURAL
10569|MOSQUITERO|ACTIVO|65|MOSQUITERO
10802|MESA|IMPLEMENTACION|80|MESA
10887|UPS SISTEMA DE ALIMENTACIÓN ININTERRUMPIDA|ACTIVO|94|UPS SISTEMA DE ALIMENTACIÓN ININTERRUMPIDA
473|LUMINARIAS LED PARA EXTERIORES|ACTIVO|59|LUMINARIAS LED PARA EXTERIORES
11705|ESTANTE DE MADERA|IMPLEMENTACION|210|ESTANTE DE MADERA
12255|LISTÓN DE MADERA PARA USO EN ENCOFRADOS|ACTIVO|332|LISTÓN DE MADERA PARA USO EN ENCOFRADOS
10601|TOMACORRIENTES|ACTIVO|59|TOMACORRIENTES
442|PANTALLA PUBLICITARIA|ACTIVO|28|PANTALLA PUBLICITARIA
12005|MACHETE CON MANGO|ACTIVO|306|MACHETE CON MANGO
23|CINTA|ACTIVO|4|CINTA
11806|PANTALÓN DE FAENA DE DRILL PARA HOMBRE|ACTIVO|275|PANTALÓN DE FAENA DE DRILL PARA HOMBRE
11205|CARRETILLA|ACTIVO|155|CARRETILLA
11170|CABLES ELÉCTRICOS DE MEDIA TENSIÓN|ACTIVO|150|CABLES ELÉCTRICOS DE MEDIA TENSIÓN
10820|COLCHON|ACTIVO|86|COLCHÓN
10834|CUCHILLO|ACTIVO|86|CUCHILLO
10955|IMPRESORA TERMICA|ACTIVO|101|IMPRESORA TÉRMICA
11001|PERFORADOR|ACTIVO|105|PERFORADOR
11637|AZÚCAR|ACTIVO|233|AZÚCAR
6|IMPRESORA LED|ACTIVO|2|IMPRESORA LED
11137|PINTURA VIAL|ACTIVO|140|PINTURA VIAL
11302|PARARRAYOS|ACTIVO|179|PARARRAYOS
10919|BASTIDORES Y ARMAZONES|ACTIVO|98|BASTIDORES Y ARMAZONES
456|PAPEL HIGIENICO|ACTIVO|24|PAPEL HIGIÉNICO
10938|SILICONA|ACTIVO|98|SILICONA
10902|PASTA DENTAL|ACTIVO|98|PASTA DENTAL
459|EVAPORADOR Y CONDENSADOR|ACTIVO|46|EVAPORADOR Y CONDENSADOR
524|ARCHIVADOR|IMPLEMENTACION|47|ARCHIVADOR
341|TACHOS Y CONTENEDORES|ACTIVO|24|TACHOS Y CONTENEDORES
12156|TELEVISORES|IMPLEMENTACION|323|TELEVISORES
12056|FRAZADA|ACTIVO|294|FRAZADA
12173|CARRITOS PARA LIMPIEZA|ACTIVO|326|CARRITOS PARA LIMPIEZA
12191|TACHOS BUZONES Y RECOLECTORES|ACTIVO|326|TACHOS BUZONES Y RECOLECTORES
11169|CABLES ELÉCTRICOS DE BAJA TENSIÓN|ACTIVO|150|CABLES ELÉCTRICOS DE BAJA TENSIÓN
523|CARPETA|IMPLEMENTACION|47|CARPETA
342|PAÑOS ESPONJAS Y FIBRAS|ACTIVO|24|PAÑOS ESPONJAS Y FIBRAS
10952|IMPRESORA MULTIFUNCIONAL INYECCION|ACTIVO|101|IMPRESORA MULTIFUNCIONAL INYECCIÓN
12174|JALADORES DE AGUA|ACTIVO|326|JALADORES DE AGUA
12055|COLCHÓN|ACTIVO|294|COLCHÓN
11419|REGLA|ACTIVO|195|REGLA
5|IMPRESORA LASER|ACTIVO|2|IMPRESORA LÁSER
11537|PEGAMENTO PARA TUBERÍAS|ACTIVO|214|PEGAMENTO PARA TUBERÍAS
11638|HOJUELAS DE AVENA|IMPLEMENTACION|233|HOJUELAS DE AVENA
10937|ESPONJAS Y FIBRAS|ACTIVO|98|ESPONJAS Y FIBRAS
11706|ESCRITORIO DE MADERA|IMPLEMENTACION|210|ESCRITORIO DE MADERA
11002|PIONER|ACTIVO|105|PIONER
10920|BASTONES Y MANGOS|ACTIVO|98|BASTONES Y MANGOS
11923|INTERRUPTOR TERMOMAGNETICO|IMPLEMENTACION|291|INTERRUPTOR TERMOMAGNÉTICO
11974|BOTA DIELECTRICA VULCANIZADO DIRECTO AL CORTE|IMPLEMENTACION|299|BOTA DIELÉCTRICA VULCANIZADO DIRECTO AL CORTE
373|BANDEJA PORTAPAPEL|ACTIVO|35|BANDEJA PORTAPAPEL
306|SÁBANA|ACTIVO|17|SÁBANA
11337|AMBIENTADORES Y PASTILLAS|ACTIVO|189|AMBIENTADORES Y PASTILLAS
255|TOALLA|ACTIVO|16|TOALLA
11720|ARCHIVADOR DE MELAMINE|IMPLEMENTACION|210|ARMARIO
12188|ESPONJAS Y FIBRAS|ACTIVO|326|ESPONJAS Y FIBRAS
73|REVISTERO|ACTIVO|6|REVISTERO
24|TINTA|ACTIVO|4|TINTA
11523|UNIÓN|ACTIVO|214|UNIÓN
11005|PLUMÓN|ACTIVO|105|PLUMÓN
11405|LIBRO DE ACTAS|ACTIVO|195|LIBRO DE ACTAS
10884|BATERÍAS PARA SISTEMAS DE ALIMENTACIÓN ININTERRUMPIDA UPS|IMPLEMENTACION|94|BATERÍAS PARA SISTEMAS DE ALIMENTACIÓN ININTERRUMPIDA UPS
274|JABON DE TOCADOR|ACTIVO|17|JABÓN DE TOCADOR
11102|PEGAMENTO|ACTIVO|139|PEGAMENTO
11988|INVERSOR|ACTIVO|303|INVERSOR
10838|CARRETILLA|ACTIVO|87|CARRETILLA
11788|CUARTÓN DE MADERA ASERRADA PARA USO ESTRUCTURAL|ACTIVO|271|CUARTÓN DE MADERA ASERRADA PARA USO ESTRUCTURAL
11369|TACHOS BUZONES Y RECOLECTORES|ACTIVO|189|TACHOS BUZONES Y RECOLECTORES
359|BANDEJA|ACTIVO|34|BANDEJA
10969|BINDER CLIP|ACTIVO|105|BINDER CLIP
11470|UNIDAD DE FUSOR|ACTIVO|200|UNIDAD DE FUSOR
12256|TABLA DE MADERA PARA USO EN ENCOFRADOS|ACTIVO|332|TABLA DE MADERA PARA USO EN ENCOFRADOS
10584|PLATO|ACTIVO|65|PLATO
10769|PEGAMENTO|ACTIVO|76|PEGAMENTO
11873|FRAGUA|ACTIVO|285|FRAGUA
11437|PIONER|ACTIVO|195|PIONER
